$ bun run build:sidecars:e2e && vitest run --config packages/slab-desktop/vitest.e2e.config.ts packages/slab-desktop/tests/e2e/agent.test.ts packages/slab-desktop/tests/e2e/apply-patch.test.ts packages/slab-desktop/tests/e2e/assistant.test.ts packages/slab-desktop/tests/e2e/cloud-models.test.ts packages/slab-desktop/tests/e2e/hub.test.ts
$ bun ./scripts/cargo/run.ts build -p slab-server -p slab-runtime -p slab-js-runtime
   Compiling slab-agent v0.1.0 (C:\Users\cyberhan\Desktop\0411\slab\slab.rs\crates\slab-agent)
   Compiling slab-ggml-sys v0.1.0 (C:\Users\cyberhan\Desktop\0411\slab\slab.rs\crates\slab-ggml-sys)
   Compiling slab-llama-sys v0.1.0 (C:\Users\cyberhan\Desktop\0411\slab\slab.rs\crates\slab-llama-sys)
   Compiling slab-whisper-sys v0.1.0 (C:\Users\cyberhan\Desktop\0411\slab\slab.rs\crates\slab-whisper-sys)
   Compiling slab-mtmd-sys v0.1.0 (C:\Users\cyberhan\Desktop\0411\slab\slab.rs\crates\slab-mtmd-sys)
   Compiling slab-parakeet-sys v0.1.0 (C:\Users\cyberhan\Desktop\0411\slab\slab.rs\crates\slab-parakeet-sys)
   Compiling slab-diffusion-sys v0.1.0 (C:\Users\cyberhan\Desktop\0411\slab\slab.rs\crates\slab-diffusion-sys)
   Compiling slab-agent-memories v0.1.0 (C:\Users\cyberhan\Desktop\0411\slab\slab.rs\crates\slab-agent-memories)
   Compiling slab-proto v0.1.0 (C:\Users\cyberhan\Desktop\0411\slab\slab.rs\crates\slab-proto)
   Compiling slab-agent-context v0.1.0 (C:\Users\cyberhan\Desktop\0411\slab\slab.rs\crates\slab-agent-context)
   Compiling slab-agent-rollout v0.1.0 (C:\Users\cyberhan\Desktop\0411\slab\slab.rs\crates\slab-agent-rollout)
   Compiling slab-mcp v0.1.0 (C:\Users\cyberhan\Desktop\0411\slab\slab.rs\crates\slab-mcp)
   Compiling slab-agent-tools v0.1.0 (C:\Users\cyberhan\Desktop\0411\slab\slab.rs\crates\slab-agent-tools)
   Compiling slab-ggml v0.1.0 (C:\Users\cyberhan\Desktop\0411\slab\slab.rs\crates\slab-ggml)
   Compiling slab-diffusion v0.1.0 (C:\Users\cyberhan\Desktop\0411\slab\slab.rs\crates\slab-diffusion)
   Compiling slab-parakeet v0.1.0 (C:\Users\cyberhan\Desktop\0411\slab\slab.rs\crates\slab-parakeet)
   Compiling slab-whisper v0.1.0 (C:\Users\cyberhan\Desktop\0411\slab\slab.rs\crates\slab-whisper)
   Compiling slab-llama v0.1.0 (C:\Users\cyberhan\Desktop\0411\slab\slab.rs\crates\slab-llama)
   Compiling slab-mtmd v0.1.0 (C:\Users\cyberhan\Desktop\0411\slab\slab.rs\crates\slab-mtmd)
   Compiling slab-app-core v0.1.0 (C:\Users\cyberhan\Desktop\0411\slab\slab.rs\crates\slab-app-core)
   Compiling slab-runtime v0.1.0 (C:\Users\cyberhan\Desktop\0411\slab\slab.rs\bin\slab-runtime)
   Compiling slab-server v0.1.0 (C:\Users\cyberhan\Desktop\0411\slab\slab.rs\bin\slab-server)
    Finished `dev` profile [unoptimized + debuginfo] target(s) in 1m 28s

 RUN  v5.0.3 C:/Users/cyberhan/Desktop/0411/slab/slab.rs/packages/slab-desktop

   Compiling slab-ggml-sys v0.1.0 (C:\Users\cyberhan\Desktop\0411\slab\slab.rs\crates\slab-ggml-sys)
   Compiling slab-llama-sys v0.1.0 (C:\Users\cyberhan\Desktop\0411\slab\slab.rs\crates\slab-llama-sys)
   Compiling slab-parakeet-sys v0.1.0 (C:\Users\cyberhan\Desktop\0411\slab\slab.rs\crates\slab-parakeet-sys)
   Compiling slab-diffusion-sys v0.1.0 (C:\Users\cyberhan\Desktop\0411\slab\slab.rs\crates\slab-diffusion-sys)
   Compiling slab-mtmd-sys v0.1.0 (C:\Users\cyberhan\Desktop\0411\slab\slab.rs\crates\slab-mtmd-sys)
   Compiling slab-whisper-sys v0.1.0 (C:\Users\cyberhan\Desktop\0411\slab\slab.rs\crates\slab-whisper-sys)
   Compiling slab-ggml v0.1.0 (C:\Users\cyberhan\Desktop\0411\slab\slab.rs\crates\slab-ggml)
   Compiling slab-whisper v0.1.0 (C:\Users\cyberhan\Desktop\0411\slab\slab.rs\crates\slab-whisper)
   Compiling slab-parakeet v0.1.0 (C:\Users\cyberhan\Desktop\0411\slab\slab.rs\crates\slab-parakeet)
   Compiling slab-diffusion v0.1.0 (C:\Users\cyberhan\Desktop\0411\slab\slab.rs\crates\slab-diffusion)
   Compiling slab-llama v0.1.0 (C:\Users\cyberhan\Desktop\0411\slab\slab.rs\crates\slab-llama)
   Compiling slab-mtmd v0.1.0 (C:\Users\cyberhan\Desktop\0411\slab\slab.rs\crates\slab-mtmd)
   Compiling slab-runtime v0.1.0 (C:\Users\cyberhan\Desktop\0411\slab\slab.rs\bin\slab-runtime)
    Finished `dev` profile [unoptimized + debuginfo] target(s) in 22.37s
stderr | tests/e2e/apply-patch.test.ts > apply_patch e2e > edits a workspace file via apply_patch after a file-edit approval
[e2e page snapshot] http://127.0.0.1:51566/?session=f45d6233-9fd5-4fc1-bff8-e3d80da214f0
  composer: disabled=false value_len=0 send-mode: send
  assistant-message-user: UserYou are running a Slab apply_patch e2e test.
The workspace file .slab-e2e-apply-patch/slab-apply-patch-e2e-1791170311538/happy/target.txt currently contains
  assistant-message-assistant: AssistantThought for a few secondsWrite:.slab-e2e-apply-patch/slab-apply-patch-e2e-1791170311538/happy/target.txt
[e2e page snapshot] end

stderr | tests/e2e/apply-patch.test.ts > apply_patch e2e > edits a workspace file via apply_patch after a file-edit approval

[e2e server-log tail] full log: C:\Users\cyberhan\Desktop\0411\slab\slab.rs\.slab\e2e\logs\run-tEL4mo\slab-server.log
n, Size=13606] id=9f259bce-de27-461a-994f-0416edf0f3c6
2026-10-05T03:20:10.152836Z  INFO ThreadId(15) http_request{trace_id=9f259bce-de27-461a-994f-0416edf0f3c6 method=GET path=/v1/sessions/f45d6233-9fd5-4fc1-bff8-e3d80da214f0/agent-history}: slab_server::api::middleware::trace: ← response finished status=200 latency_ms=3
2026-10-05T03:20:11.155219Z  INFO ThreadId(15) http_request{trace_id=5aa9f735-cf7c-49b4-ab69-2fecf57112ce method=GET path=/v1/sessions/f45d6233-9fd5-4fc1-bff8-e3d80da214f0/agent-history}: slab_server::api::middleware::trace: → request started
2026-10-05T03:20:11.158626Z  INFO ThreadId(14) http_request{trace_id=5aa9f735-cf7c-49b4-ab69-2fecf57112ce method=GET path=/v1/sessions/f45d6233-9fd5-4fc1-bff8-e3d80da214f0/agent-history}: slab_server::api::middleware::trace: response Body: [Skipped: Type=application/json, Size=13606] id=5aa9f735-cf7c-49b4-ab69-2fecf57112ce
2026-10-05T03:20:11.158705Z  INFO ThreadId(14) http_request{trace_id=5aa9f735-cf7c-49b4-ab69-2fecf57112ce method=GET path=/v1/sessions/f45d6233-9fd5-4fc1-bff8-e3d80da214f0/agent-history}: slab_server::api::middleware::trace: ← response finished status=200 latency_ms=3
2026-10-05T03:20:12.172241Z  INFO ThreadId(15) http_request{trace_id=4e7c822a-f9bc-4f88-9a9c-db72d6c69815 method=GET path=/v1/sessions/f45d6233-9fd5-4fc1-bff8-e3d80da214f0/agent-history}: slab_server::api::middleware::trace: → request started
2026-10-05T03:20:12.175753Z  INFO ThreadId(15) http_request{trace_id=4e7c822a-f9bc-4f88-9a9c-db72d6c69815 method=GET path=/v1/sessions/f45d6233-9fd5-4fc1-bff8-e3d80da214f0/agent-history}: slab_server::api::middleware::trace: response Body: [Skipped: Type=application/json, Size=13606] id=4e7c822a-f9bc-4f88-9a9c-db72d6c69815
2026-10-05T03:20:12.175816Z  INFO ThreadId(15) http_request{trace_id=4e7c822a-f9bc-4f88-9a9c-db72d6c69815 method=GET path=/v1/sessions/f45d6233-9fd5-4fc1-bff8-e3d80da214f0/agent-history}: slab_server::api::middleware::trace: ← response finished status=200 latency_ms=3
2026-10-05T03:20:13.184819Z  INFO ThreadId(14) http_request{trace_id=988fb75b-0f9f-4fd7-912e-abff58010343 method=GET path=/v1/sessions/f45d6233-9fd5-4fc1-bff8-e3d80da214f0/agent-history}: slab_server::api::middleware::trace: → request started
2026-10-05T03:20:13.188445Z  INFO ThreadId(14) http_request{trace_id=988fb75b-0f9f-4fd7-912e-abff58010343 method=GET path=/v1/sessions/f45d6233-9fd5-4fc1-bff8-e3d80da214f0/agent-history}: slab_server::api::middleware::trace: response Body: [Skipped: Type=application/json, Size=13606] id=988fb75b-0f9f-4fd7-912e-abff58010343
2026-10-05T03:20:13.188511Z  INFO ThreadId(14) http_request{trace_id=988fb75b-0f9f-4fd7-912e-abff58010343 method=GET path=/v1/sessions/f45d6233-9fd5-4fc1-bff8-e3d80da214f0/agent-history}: slab_server::api::middleware::trace: ← response finished status=200 latency_ms=3
2026-10-05T03:20:14.198686Z  INFO ThreadId(14) http_request{trace_id=46b802e0-e44f-456f-907f-de2f57754978 method=GET path=/v1/sessions/f45d6233-9fd5-4fc1-bff8-e3d80da214f0/agent-history}: slab_server::api::middleware::trace: → request started
2026-10-05T03:20:14.203632Z  INFO ThreadId(16) http_request{trace_id=46b802e0-e44f-456f-907f-de2f57754978 method=GET path=/v1/sessions/f45d6233-9fd5-4fc1-bff8-e3d80da214f0/agent-history}: slab_server::api::middleware::trace: response Body: [Skipped: Type=application/json, Size=13606] id=46b802e0-e44f-456f-907f-de2f57754978
2026-10-05T03:20:14.203774Z  INFO ThreadId(16) http_request{trace_id=46b802e0-e44f-456f-907f-de2f57754978 method=GET path=/v1/sessions/f45d6233-9fd5-4fc1-bff8-e3d80da214f0/agent-history}: slab_server::api::middleware::trace: ← response finished status=200 latency_ms=5
2026-10-05T03:20:15.209085Z  INFO ThreadId(14) http_request{trace_id=b03d3346-36fe-4983-9a56-a12a35a1d693 method=GET path=/v1/sessions/f45d6233-9fd5-4fc1-bff8-e3d80da214f0/agent-history}: slab_server::api::middleware::trace: → request started
2026-10-05T03:20:15.212453Z  INFO ThreadId(15) http_request{trace_id=b03d3346-36fe-4983-9a56-a12a35a1d693 method=GET path=/v1/sessions/f45d6233-9fd5-4fc1-bff8-e3d80da214f0/agent-history}: slab_server::api::middleware::trace: response Body: [Skipped: Type=application/json, Size=13606] id=b03d3346-36fe-4983-9a56-a12a35a1d693
2026-10-05T03:20:15.212529Z  INFO ThreadId(15) http_request{trace_id=b03d3346-36fe-4983-9a56-a12a35a1d693 method=GET path=/v1/sessions/f45d6233-9fd5-4fc1-bff8-e3d80da214f0/agent-history}: slab_server::api::middleware::trace: ← response finished status=200 latency_ms=3
2026-10-05T03:20:16.220642Z  INFO ThreadId(16) http_request{trace_id=bf34da0e-a93f-496f-aa22-9d14300312c6 method=GET path=/v1/sessions/f45d6233-9fd5-4fc1-bff8-e3d80da214f0/agent-history}: slab_server::api::middleware::trace: → request started
2026-10-05T03:20:16.224766Z  INFO ThreadId(15) http_request{trace_id=bf34da0e-a93f-496f-aa22-9d14300312c6 method=GET path=/v1/sessions/f45d6233-9fd5-4fc1-bff8-e3d80da214f0/agent-history}: slab_server::api::middleware::trace: response Body: [Skipped: Type=application/json, Size=13606] id=bf34da0e-a93f-496f-aa22-9d14300312c6
2026-10-05T03:20:16.224863Z  INFO ThreadId(15) http_request{trace_id=bf34da0e-a93f-496f-aa22-9d14300312c6 method=GET path=/v1/sessions/f45d6233-9fd5-4fc1-bff8-e3d80da214f0/agent-history}: slab_server::api::middleware::trace: ← response finished status=200 latency_ms=4
2026-10-05T03:20:17.229510Z  INFO ThreadId(16) http_request{trace_id=f92164b1-4f8d-47f0-bd89-380727acdb02 method=GET path=/v1/sessions/f45d6233-9fd5-4fc1-bff8-e3d80da214f0/agent-history}: slab_server::api::middleware::trace: → request started
2026-10-05T03:20:17.233208Z  INFO ThreadId(16) http_request{trace_id=f92164b1-4f8d-47f0-bd89-380727acdb02 method=GET path=/v1/sessions/f45d6233-9fd5-4fc1-bff8-e3d80da214f0/agent-history}: slab_server::api::middleware::trace: response Body: [Skipped: Type=application/json, Size=13606] id=f92164b1-4f8d-47f0-bd89-380727acdb02
2026-10-05T03:20:17.233306Z  INFO ThreadId(16) http_request{trace_id=f92164b1-4f8d-47f0-bd89-380727acdb02 method=GET path=/v1/sessions/f45d6233-9fd5-4fc1-bff8-e3d80da214f0/agent-history}: slab_server::api::middleware::trace: ← response finished status=200 latency_ms=3
2026-10-05T03:20:18.239559Z  INFO ThreadId(16) http_request{trace_id=dfc1f9f3-2246-469d-a33d-0dc6e2922dc0 method=GET path=/v1/sessions/f45d6233-9fd5-4fc1-bff8-e3d80da214f0/agent-history}: slab_server::api::middleware::trace: → request started
2026-10-05T03:20:18.242941Z  INFO ThreadId(14) http_request{trace_id=dfc1f9f3-2246-469d-a33d-0dc6e2922dc0 method=GET path=/v1/sessions/f45d6233-9fd5-4fc1-bff8-e3d80da214f0/agent-history}: slab_server::api::middleware::trace: response Body: [Skipped: Type=application/json, Size=13606] id=dfc1f9f3-2246-469d-a33d-0dc6e2922dc0
2026-10-05T03:20:18.243019Z  INFO ThreadId(14) http_request{trace_id=dfc1f9f3-2246-469d-a33d-0dc6e2922dc0 method=GET path=/v1/sessions/f45d6233-9fd5-4fc1-bff8-e3d80da214f0/agent-history}: slab_server::api::middleware::trace: ← response finished status=200 latency_ms=3
2026-10-05T03:20:19.250785Z  INFO ThreadId(15) http_request{trace_id=325e6140-a665-4bd1-a3d7-38a6536a6e70 method=GET path=/v1/sessions/f45d6233-9fd5-4fc1-bff8-e3d80da214f0/agent-history}: slab_server::api::middleware::trace: → request started
2026-10-05T03:20:19.254898Z  INFO ThreadId(15) http_request{trace_id=325e6140-a665-4bd1-a3d7-38a6536a6e70 method=GET path=/v1/sessions/f45d6233-9fd5-4fc1-bff8-e3d80da214f0/agent-history}: slab_server::api::middleware::trace: response Body: [Skipped: Type=application/json, Size=13606] id=325e6140-a665-4bd1-a3d7-38a6536a6e70
2026-10-05T03:20:19.254978Z  INFO ThreadId(15) http_request{trace_id=325e6140-a665-4bd1-a3d7-38a6536a6e70 method=GET path=/v1/sessions/f45d6233-9fd5-4fc1-bff8-e3d80da214f0/agent-history}: slab_server::api::middleware::trace: ← response finished status=200 latency_ms=4
2026-10-05T03:20:20.263495Z  INFO ThreadId(14) http_request{trace_id=c913adf4-ab01-492b-86c6-ed6ef647dc95 method=GET path=/v1/sessions/f45d6233-9fd5-4fc1-bff8-e3d80da214f0/agent-history}: slab_server::api::middleware::trace: → request started
2026-10-05T03:20:20.267264Z  INFO ThreadId(16) http_request{trace_id=c913adf4-ab01-492b-86c6-ed6ef647dc95 method=GET path=/v1/sessions/f45d6233-9fd5-4fc1-bff8-e3d80da214f0/agent-history}: slab_server::api::middleware::trace: response Body: [Skipped: Type=application/json, Size=13606] id=c913adf4-ab01-492b-86c6-ed6ef647dc95
2026-10-05T03:20:20.267369Z  INFO ThreadId(16) http_request{trace_id=c913adf4-ab01-492b-86c6-ed6ef647dc95 method=GET path=/v1/sessions/f45d6233-9fd5-4fc1-bff8-e3d80da214f0/agent-history}: slab_server::api::middleware::trace: ← response finished status=200 latency_ms=3
2026-10-05T03:20:21.271583Z  INFO ThreadId(14) http_request{trace_id=146444de-dd2c-4e49-a7ba-4570c69c3bf2 method=GET path=/v1/sessions/f45d6233-9fd5-4fc1-bff8-e3d80da214f0/agent-history}: slab_server::api::middleware::trace: → request started
2026-10-05T03:20:21.275037Z  INFO ThreadId(14) http_request{trace_id=146444de-dd2c-4e49-a7ba-4570c69c3bf2 method=GET path=/v1/sessions/f45d6233-9fd5-4fc1-bff8-e3d80da214f0/agent-history}: slab_server::api::middleware::trace: response Body: [Skipped: Type=application/json, Size=13606] id=146444de-dd2c-4e49-a7ba-4570c69c3bf2
2026-10-05T03:20:21.275147Z  INFO ThreadId(14) http_request{trace_id=146444de-dd2c-4e49-a7ba-4570c69c3bf2 method=GET path=/v1/sessions/f45d6233-9fd5-4fc1-bff8-e3d80da214f0/agent-history}: slab_server::api::middleware::trace: ← response finished status=200 latency_ms=3
2026-10-05T03:20:21.745215Z  INFO ThreadId(14) slab_agent::thread: thread completed thread_id="8b12ae1a-0e4d-4c73-83ef-09052c1f4cfb"
2026-10-05T03:20:21.749630Z  INFO ThreadId(14) slab_app_core::infra::db::repository::agent: update_thread_status thread_id=8b12ae1a-0e4d-4c73-83ef-09052c1f4cfb status=completed rows_affected=1
2026-10-05T03:20:22.277677Z  INFO ThreadId(13) http_request{trace_id=09f92d5b-4cba-4cfd-b372-c0fbbcff5b06 method=GET path=/v1/sessions/f45d6233-9fd5-4fc1-bff8-e3d80da214f0/agent-history}: slab_server::api::middleware::trace: → request started
2026-10-05T03:20:22.281285Z  INFO ThreadId(13) http_request{trace_id=09f92d5b-4cba-4cfd-b372-c0fbbcff5b06 method=GET path=/v1/sessions/f45d6233-9fd5-4fc1-bff8-e3d80da214f0/agent-history}: slab_server::api::middleware::trace: response Body: [Skipped: Type=application/json, Size=14103] id=09f92d5b-4cba-4cfd-b372-c0fbbcff5b06
2026-10-05T03:20:22.281357Z  INFO ThreadId(13) http_request{trace_id=09f92d5b-4cba-4cfd-b372-c0fbbcff5b06 method=GET path=/v1/sessions/f45d6233-9fd5-4fc1-bff8-e3d80da214f0/agent-history}: slab_server::api::middleware::trace: ← response finished status=200 latency_ms=3
2026-10-05T03:20:34.844180Z  INFO ThreadId(13) http_request{trace_id=646ca3c5-621e-4f35-a4a0-e3ff4bbadfa4 method=GET path=/v1/plugins}: slab_server::api::middleware::trace: → request started
2026-10-05T03:20:34.844782Z  INFO ThreadId(07) http_request{trace_id=a1d13fa8-6718-4c56-ba33-52dd3fe38ba8 method=GET path=/v1/sessions}: slab_server::api::middleware::trace: → request started
2026-10-05T03:20:34.845056Z  INFO ThreadId(07) http_request{trace_id=646ca3c5-621e-4f35-a4a0-e3ff4bbadfa4 method=GET path=/v1/plugins}: slab_server::api::middleware::trace: response Body: [] id=646ca3c5-621e-4f35-a4a0-e3ff4bbadfa4
2026-10-05T03:20:34.845094Z  INFO ThreadId(07) http_request{trace_id=646ca3c5-621e-4f35-a4a0-e3ff4bbadfa4 method=GET path=/v1/plugins}: slab_server::api::middleware::trace: ← response finished status=200 latency_ms=0
2026-10-05T03:20:34.845263Z  INFO ThreadId(13) http_request{trace_id=9bbd730b-498b-4100-a955-7beef719b549 method=GET path=/v1/workspace}: slab_server::api::middleware::trace: → request started
2026-10-05T03:20:34.845259Z  INFO ThreadId(15) http_request{trace_id=a1d13fa8-6718-4c56-ba33-52dd3fe38ba8 method=GET path=/v1/sessions}: slab_server::api::middleware::trace: response Body: [{"id":"f45d6233-9fd5-4fc1-bff8-e3d80da214f0","name":"apply-patch-e2e-1791170311513","state_path":null,"created_at":"2026-10-05T03:18:31.525443500+00:00","updated_at":"2026-10-05T03:18:31.535712700+00:00"},{"id":"64c45d47-bf3c-41bb-b97c-5b242c857353","name":"agent-e2e-1791170311513","state_path":null,"created_at":"2026-10-05T03:18:31.523684800+00:00","updated_at":"2026-10-05T03:18:31.532195400+00:00"}] id=a1d13fa8-6718-4c56-ba33-52dd3fe38ba8
2026-10-05T03:20:34.845308Z  INFO ThreadId(16) http_request{trace_id=644c2981-76e7-43c8-b72e-67ca56cbfff3 method=GET path=/v1/models}: slab_server::api::middleware::trace: → request started
2026-10-05T03:20:34.845338Z  INFO ThreadId(15) http_request{trace_id=a1d13fa8-6718-4c56-ba33-52dd3fe38ba8 method=GET path=/v1/sessions}: slab_server::api::middleware::trace: ← response finished status=200 latency_ms=0
2026-10-05T03:20:34.846618Z  INFO ThreadId(13) http_request{trace_id=9bbd730b-498b-4100-a955-7beef719b549 method=GET path=/v1/workspace}: slab_server::api::middleware::trace: response Body: {"current":{"rootPath":"C:\\Users\\cyberhan\\Desktop\\0411\\slab\\slab.rs\\.slab\\e2e\\run-tEL4mo\\workspace","name":"workspace","slabDir":"C:\\Users\\cyberhan\\Desktop\\0411\\slab\\slab.rs\\.slab\\e2e\\run-tEL4mo\\workspace\\.slab","settingsPath":"C:\\Users\\cyberhan\\Desktop\\0411\\slab\\slab.rs\\.slab\\e2e\\run-tEL4mo\\workspace\\.slab\\settings.json","settingsOverlayPath":"C:\\Users\\cyberhan\\Desktop\\0411\\slab\\slab.rs\\.slab\\e2e\\run-tEL4mo\\workspace\\.slab\\settings.json","modelConfigDir":"C:\\Users\\cyberhan\\Desktop\\0411\\slab\\slab.rs\\.slab\\e2e\\run-tEL4mo\\config\\models","sessionStateDir":"C:\\Users\\cyberhan\\Desktop\\0411\\slab\\slab.rs\\.slab\\e2e\\run-tEL4mo\\sessions"},"recent":[],"config":{"schemaVersion":2,"plugins":{}}} id=9bbd730b-498b-4100-a955-7beef719b549
2026-10-05T03:20:34.846706Z  INFO ThreadId(13) http_request{trace_id=9bbd730b-498b-4100-a955-7beef719b549 method=GET path=/v1/workspace}: slab_server::api::middleware::trace: ← response finished status=200 latency_ms=1
2026-10-05T03:20:34.847437Z  INFO ThreadId(15) http_request{trace_id=179b73da-b915-4f74-890b-8ebc56ab9646 method=GET path=/v1/sessions}: slab_server::api::middleware::trace: → request started
2026-10-05T03:20:34.847814Z  INFO ThreadId(15) http_request{trace_id=179b73da-b915-4f74-890b-8ebc56ab9646 method=GET path=/v1/sessions}: slab_server::api::middleware::trace: response Body: [{"id":"f45d6233-9fd5-4fc1-bff8-e3d80da214f0","name":"apply-patch-e2e-1791170311513","state_path":null,"created_at":"2026-10-05T03:18:31.525443500+00:00","updated_at":"2026-10-05T03:18:31.535712700+00:00"},{"id":"64c45d47-bf3c-41bb-b97c-5b242c857353","name":"agent-e2e-1791170311513","state_path":null,"created_at":"2026-10-05T03:18:31.523684800+00:00","updated_at":"2026-10-05T03:18:31.532195400+00:00"}] id=179b73da-b915-4f74-890b-8ebc56ab9646
2026-10-05T03:20:34.847874Z  INFO ThreadId(15) http_request{trace_id=179b73da-b915-4f74-890b-8ebc56ab9646 method=GET path=/v1/sessions}: slab_server::api::middleware::trace: ← response finished status=200 latency_ms=0
2026-10-05T03:20:34.848585Z  INFO ThreadId(15) http_request{trace_id=644c2981-76e7-43c8-b72e-67ca56cbfff3 method=GET path=/v1/models}: slab_server::api::middleware::trace: response Body: [Skipped: Type=application/json, Size=4123] id=644c2981-76e7-43c8-b72e-67ca56cbfff3
2026-10-05T03:20:34.848672Z  INFO ThreadId(15) http_request{trace_id=644c2981-76e7-43c8-b72e-67ca56cbfff3 method=GET path=/v1/models}: slab_server::api::middleware::trace: ← response finished status=200 latency_ms=3
2026-10-05T03:20:34.850885Z  INFO ThreadId(14) http_request{trace_id=71a3013f-b522-4204-939f-9689574185f4 method=GET path=/v1/models}: slab_server::api::middleware::trace: → request started
2026-10-05T03:20:34.853600Z  INFO ThreadId(14) http_request{trace_id=71a3013f-b522-4204-939f-9689574185f4 method=GET path=/v1/models}: slab_server::api::middleware::trace: response Body: [Skipped: Type=application/json, Size=4123] id=71a3013f-b522-4204-939f-9689574185f4
2026-10-05T03:20:34.853675Z  INFO ThreadId(14) http_request{trace_id=71a3013f-b522-4204-939f-9689574185f4 method=GET path=/v1/models}: slab_server::api::middleware::trace: ← response finished status=200 latency_ms=2
2026-10-05T03:20:34.854947Z  INFO ThreadId(13) http_request{trace_id=f3e5e1ae-274e-4fca-98ee-51eeed745602 method=GET path=/v1/plugins}: slab_server::api::middleware::trace: → request started
2026-10-05T03:20:34.855642Z  INFO ThreadId(16) http_request{trace_id=20e6f098-60f5-41e1-adfe-941d1c3da586 method=GET path=/v1/sessions}: slab_server::api::middleware::trace: → request started
2026-10-05T03:20:34.855882Z  INFO ThreadId(07) http_request{trace_id=b4cc4ab8-7265-49d7-8427-da77db45483d method=GET path=/v1/models}: slab_server::api::middleware::trace: → request started
2026-10-05T03:20:34.855887Z  INFO ThreadId(13) http_request{trace_id=f3e5e1ae-274e-4fca-98ee-51eeed745602 method=GET path=/v1/plugins}: slab_server::api::middleware::trace: response Body: [] id=f3e5e1ae-274e-4fca-98ee-51eeed745602
2026-10-05T03:20:34.855910Z  INFO ThreadId(14) http_request{trace_id=ea95572c-01f2-4b21-b221-9b825364af24 method=GET path=/v1/workspace}: slab_server::api::middleware::trace: → request started
2026-10-05T03:20:34.855923Z  INFO ThreadId(13) http_request{trace_id=f3e5e1ae-274e-4fca-98ee-51eeed745602 method=GET path=/v1/plugins}: slab_server::api::middleware::trace: ← response finished status=200 latency_ms=1
2026-10-05T03:20:34.855946Z  INFO ThreadId(15) http_request{trace_id=20e6f098-60f5-41e1-adfe-941d1c3da586 method=GET path=/v1/sessions}: slab_server::api::middleware::trace: response Body: [{"id":"f45d6233-9fd5-4fc1-bff8-e3d80da214f0","name":"apply-patch-e2e-1791170311513","state_path":null,"created_at":"2026-10-05T03:18:31.525443500+00:00","updated_at":"2026-10-05T03:18:31.535712700+00:00"},{"id":"64c45d47-bf3c-41bb-b97c-5b242c857353","name":"agent-e2e-1791170311513","state_path":null,"created_at":"2026-10-05T03:18:31.523684800+00:00","updated_at":"2026-10-05T03:18:31.532195400+00:00"}] id=20e6f098-60f5-41e1-adfe-941d1c3da586
2026-10-05T03:20:34.855992Z  INFO ThreadId(15) http_request{trace_id=20e6f098-60f5-41e1-adfe-941d1c3da586 method=GET path=/v1/sessions}: slab_server::api::middleware::trace: ← response finished status=200 latency_ms=0
2026-10-05T03:20:34.857442Z  INFO ThreadId(14) http_request{trace_id=ea95572c-01f2-4b21-b221-9b825364af24 method=GET path=/v1/workspace}: slab_server::api::middleware::trace: response Body: {"current":{"rootPath":"C:\\Users\\cyberhan\\Desktop\\0411\\slab\\slab.rs\\.slab\\e2e\\run-tEL4mo\\workspace","name":"workspace","slabDir":"C:\\Users\\cyberhan\\Desktop\\0411\\slab\\slab.rs\\.slab\\e2e\\run-tEL4mo\\workspace\\.slab","settingsPath":"C:\\Users\\cyberhan\\Desktop\\0411\\slab\\slab.rs\\.slab\\e2e\\run-tEL4mo\\workspace\\.slab\\settings.json","settingsOverlayPath":"C:\\Users\\cyberhan\\Desktop\\0411\\slab\\slab.rs\\.slab\\e2e\\run-tEL4mo\\workspace\\.slab\\settings.json","modelConfigDir":"C:\\Users\\cyberhan\\Desktop\\0411\\slab\\slab.rs\\.slab\\e2e\\run-tEL4mo\\config\\models","sessionStateDir":"C:\\Users\\cyberhan\\Desktop\\0411\\slab\\slab.rs\\.slab\\e2e\\run-tEL4mo\\sessions"},"recent":[],"config":{"schemaVersion":2,"plugins":{}}} id=ea95572c-01f2-4b21-b221-9b825364af24
2026-10-05T03:20:34.857526Z  INFO ThreadId(14) http_request{trace_id=ea95572c-01f2-4b21-b221-9b825364af24 method=GET path=/v1/workspace}: slab_server::api::middleware::trace: ← response finished status=200 latency_ms=1
2026-10-05T03:20:34.858345Z  INFO ThreadId(16) http_request{trace_id=dd8a55df-b836-4f5d-9181-6a1abcaa78e4 method=GET path=/v1/sessions}: slab_server::api::middleware::trace: → request started
2026-10-05T03:20:34.858451Z  INFO ThreadId(13) http_request{trace_id=b4cc4ab8-7265-49d7-8427-da77db45483d method=GET path=/v1/models}: slab_server::api::middleware::trace: response Body: [Skipped: Type=application/json, Size=4123] id=b4cc4ab8-7265-49d7-8427-da77db45483d
2026-10-05T03:20:34.858519Z  INFO ThreadId(13) http_request{trace_id=b4cc4ab8-7265-49d7-8427-da77db45483d method=GET path=/v1/models}: slab_server::api::middleware::trace: ← response finished status=200 latency_ms=2
2026-10-05T03:20:34.858724Z  INFO ThreadId(16) http_request{trace_id=dd8a55df-b836-4f5d-9181-6a1abcaa78e4 method=GET path=/v1/sessions}: slab_server::api::middleware::trace: response Body: [{"id":"f45d6233-9fd5-4fc1-bff8-e3d80da214f0","name":"apply-patch-e2e-1791170311513","state_path":null,"created_at":"2026-10-05T03:18:31.525443500+00:00","updated_at":"2026-10-05T03:18:31.535712700+00:00"},{"id":"64c45d47-bf3c-41bb-b97c-5b242c857353","name":"agent-e2e-1791170311513","state_path":null,"created_at":"2026-10-05T03:18:31.523684800+00:00","updated_at":"2026-10-05T03:18:31.532195400+00:00"}] id=dd8a55df-b836-4f5d-9181-6a1abcaa78e4
2026-10-05T03:20:34.858783Z  INFO ThreadId(16) http_request{trace_id=dd8a55df-b836-4f5d-9181-6a1abcaa78e4 method=GET path=/v1/sessions}: slab_server::api::middleware::trace: ← response finished status=200 latency_ms=0
2026-10-05T03:20:34.860248Z  INFO ThreadId(13) http_request{trace_id=7ab60831-afb2-46c4-ba09-9c3fce73c1d1 method=GET path=/v1/models}: slab_server::api::middleware::trace: → request started
2026-10-05T03:20:34.862821Z  INFO ThreadId(13) http_request{trace_id=7ab60831-afb2-46c4-ba09-9c3fce73c1d1 method=GET path=/v1/models}: slab_server::api::middleware::trace: response Body: [Skipped: Type=application/json, Size=4123] id=7ab60831-afb2-46c4-ba09-9c3fce73c1d1
2026-10-05T03:20:34.862887Z  INFO ThreadId(13) http_request{trace_id=7ab60831-afb2-46c4-ba09-9c3fce73c1d1 method=GET path=/v1/models}: slab_server::api::middleware::trace: ← response finished status=200 latency_ms=2
2026-10-05T03:21:21.044952Z  INFO ThreadId(21) http_request{trace_id=722ad4a8-b3f0-4341-8716-9cd25eecff93 method=GET path=/v1/plugins}: slab_server::api::middleware::trace: → request started
2026-10-05T03:21:21.045553Z  INFO ThreadId(13) http_request{trace_id=1d5d0bbc-2a41-4eac-a19e-ee6698e6bce0 method=GET path=/v1/sessions}: slab_server::api::middleware::trace: → request started
2026-10-05T03:21:21.045799Z  INFO ThreadId(16) http_request{trace_id=722ad4a8-b3f0-4341-8716-9cd25eecff93 method=GET path=/v1/plugins}: slab_server::api::middleware::trace: response Body: [] id=722ad4a8-b3f0-4341-8716-9cd25eecff93
2026-10-05T03:21:21.045843Z  INFO ThreadId(16) http_request{trace_id=722ad4a8-b3f0-4341-8716-9cd25eecff93 method=GET path=/v1/plugins}: slab_server::api::middleware::trace: ← response finished status=200 latency_ms=0
2026-10-05T03:21:21.046042Z  INFO ThreadId(14) http_request{trace_id=1d5d0bbc-2a41-4eac-a19e-ee6698e6bce0 method=GET path=/v1/sessions}: slab_server::api::middleware::trace: response Body: [{"id":"f45d6233-9fd5-4fc1-bff8-e3d80da214f0","name":"apply-patch-e2e-1791170311513","state_path":null,"created_at":"2026-10-05T03:18:31.525443500+00:00","updated_at":"2026-10-05T03:18:31.535712700+00:00"},{"id":"64c45d47-bf3c-41bb-b97c-5b242c857353","name":"agent-e2e-1791170311513","state_path":null,"created_at":"2026-10-05T03:18:31.523684800+00:00","updated_at":"2026-10-05T03:18:31.532195400+00:00"}] id=1d5d0bbc-2a41-4eac-a19e-ee6698e6bce0
2026-10-05T03:21:21.046083Z  INFO ThreadId(07) http_request{trace_id=7ddf5612-b60c-497a-9b33-962ef4699bf6 method=GET path=/v1/models}: slab_server::api::middleware::trace: → request started
2026-10-05T03:21:21.046117Z  INFO ThreadId(14) http_request{trace_id=1d5d0bbc-2a41-4eac-a19e-ee6698e6bce0 method=GET path=/v1/sessions}: slab_server::api::middleware::trace: ← response finished status=200 latency_ms=0
2026-10-05T03:21:21.046721Z  INFO ThreadId(13) http_request{trace_id=0f2f75c3-54a3-403e-9a68-2b5ef42eb4e2 method=GET path=/v1/plugins}: slab_server::api::middleware::trace: → request started
2026-10-05T03:21:21.047061Z  INFO ThreadId(14) http_request{trace_id=7c759932-edbf-4959-92c5-0a0cd8a9bcbc method=GET path=/v1/workspace}: slab_server::api::middleware::trace: → request started
2026-10-05T03:21:21.047206Z  INFO ThreadId(12) http_request{trace_id=0d4706a2-2eb3-4725-9442-e78d3cad30d3 method=GET path=/v1/sessions}: slab_server::api::middleware::trace: → request started
2026-10-05T03:21:21.047434Z  INFO ThreadId(21) http_request{trace_id=0393c065-64de-42e3-bc2e-5c00c8505bd5 method=GET path=/v1/models}: slab_server::api::middleware::trace: → request started
2026-10-05T03:21:21.047579Z  INFO ThreadId(07) http_request{trace_id=0d4706a2-2eb3-4725-9442-e78d3cad30d3 method=GET path=/v1/sessions}: slab_server::api::middleware::trace: response Body: [{"id":"f45d6233-9fd5-4fc1-bff8-e3d80da214f0","name":"apply-patch-e2e-1791170311513","state_path":null,"created_at":"2026-10-05T03:18:31.525443500+00:00","updated_at":"2026-10-05T03:18:31.535712700+00:00"},{"id":"64c45d47-bf3c-41bb-b97c-5b242c857353","name":"agent-e2e-1791170311513","state_path":null,"created_at":"2026-10-05T03:18:31.523684800+00:00","updated_at":"2026-10-05T03:18:31.532195400+00:00"}] id=0d4706a2-2eb3-4725-9442-e78d3cad30d3
2026-10-05T03:21:21.047645Z  INFO ThreadId(12) http_request{trace_id=dd5738cd-59a1-40cd-b366-8f07753e95ff method=GET path=/v1/workspace}: slab_server::api::middleware::trace: → request started
2026-10-05T03:21:21.047653Z  INFO ThreadId(07) http_request{trace_id=0d4706a2-2eb3-4725-9442-e78d3cad30d3 method=GET path=/v1/sessions}: slab_server::api::middleware::trace: ← response finished status=200 latency_ms=0
2026-10-05T03:21:21.047663Z  INFO ThreadId(09) http_request{trace_id=0f2f75c3-54a3-403e-9a68-2b5ef42eb4e2 method=GET path=/v1/plugins}: slab_server::api::middleware::trace: response Body: [] id=0f2f75c3-54a3-403e-9a68-2b5ef42eb4e2
2026-10-05T03:21:21.047716Z  INFO ThreadId(09) http_request{trace_id=0f2f75c3-54a3-403e-9a68-2b5ef42eb4e2 method=GET path=/v1/plugins}: slab_server::api::middleware::trace: ← response finished status=200 latency_ms=1
2026-10-05T03:21:21.048537Z  INFO ThreadId(14) http_request{trace_id=7c759932-edbf-4959-92c5-0a0cd8a9bcbc method=GET path=/v1/workspace}: slab_server::api::middleware::trace: response Body: {"current":{"rootPath":"C:\\Users\\cyberhan\\Desktop\\0411\\slab\\slab.rs\\.slab\\e2e\\run-tEL4mo\\workspace","name":"workspace","slabDir":"C:\\Users\\cyberhan\\Desktop\\0411\\slab\\slab.rs\\.slab\\e2e\\run-tEL4mo\\workspace\\.slab","settingsPath":"C:\\Users\\cyberhan\\Desktop\\0411\\slab\\slab.rs\\.slab\\e2e\\run-tEL4mo\\workspace\\.slab\\settings.json","settingsOverlayPath":"C:\\Users\\cyberhan\\Desktop\\0411\\slab\\slab.rs\\.slab\\e2e\\run-tEL4mo\\workspace\\.slab\\settings.json","modelConfigDir":"C:\\Users\\cyberhan\\Desktop\\0411\\slab\\slab.rs\\.slab\\e2e\\run-tEL4mo\\config\\models","sessionStateDir":"C:\\Users\\cyberhan\\Desktop\\0411\\slab\\slab.rs\\.slab\\e2e\\run-tEL4mo\\sessions"},"recent":[],"config":{"schemaVersion":2,"plugins":{}}} id=7c759932-edbf-4959-92c5-0a0cd8a9bcbc
2026-10-05T03:21:21.048650Z  INFO ThreadId(14) http_request{trace_id=7c759932-edbf-4959-92c5-0a0cd8a9bcbc method=GET path=/v1/workspace}: slab_server::api::middleware::trace: ← response finished status=200 latency_ms=1
2026-10-05T03:21:21.049181Z  INFO ThreadId(12) http_request{trace_id=dd5738cd-59a1-40cd-b366-8f07753e95ff method=GET path=/v1/workspace}: slab_server::api::middleware::trace: response Body: {"current":{"rootPath":"C:\\Users\\cyberhan\\Desktop\\0411\\slab\\slab.rs\\.slab\\e2e\\run-tEL4mo\\workspace","name":"workspace","slabDir":"C:\\Users\\cyberhan\\Desktop\\0411\\slab\\slab.rs\\.slab\\e2e\\run-tEL4mo\\workspace\\.slab","settingsPath":"C:\\Users\\cyberhan\\Desktop\\0411\\slab\\slab.rs\\.slab\\e2e\\run-tEL4mo\\workspace\\.slab\\settings.json","settingsOverlayPath":"C:\\Users\\cyberhan\\Desktop\\0411\\slab\\slab.rs\\.slab\\e2e\\run-tEL4mo\\workspace\\.slab\\settings.json","modelConfigDir":"C:\\Users\\cyberhan\\Desktop\\0411\\slab\\slab.rs\\.slab\\e2e\\run-tEL4mo\\config\\models","sessionStateDir":"C:\\Users\\cyberhan\\Desktop\\0411\\slab\\slab.rs\\.slab\\e2e\\run-tEL4mo\\sessions"},"recent":[],"config":{"schemaVersion":2,"plugins":{}}} id=dd5738cd-59a1-40cd-b366-8f07753e95ff
2026-10-05T03:21:21.049276Z  INFO ThreadId(12) http_request{trace_id=dd5738cd-59a1-40cd-b366-8f07753e95ff method=GET path=/v1/workspace}: slab_server::api::middleware::trace: ← response finished status=200 latency_ms=1
2026-10-05T03:21:21.049743Z  INFO ThreadId(21) http_request{trace_id=7ddf5612-b60c-497a-9b33-962ef4699bf6 method=GET path=/v1/models}: slab_server::api::middleware::trace: response Body: [Skipped: Type=application/json, Size=4123] id=7ddf5612-b60c-497a-9b33-962ef4699bf6
2026-10-05T03:21:21.049836Z  INFO ThreadId(21) http_request{trace_id=7ddf5612-b60c-497a-9b33-962ef4699bf6 method=GET path=/v1/models}: slab_server::api::middleware::trace: ← response finished status=200 latency_ms=3
2026-10-05T03:21:21.050336Z  INFO ThreadId(13) http_request{trace_id=5faa3fdc-0170-4c90-b6d3-df9303e86e7b method=GET path=/v1/sessions}: slab_server::api::middleware::trace: → request started
2026-10-05T03:21:21.050823Z  INFO ThreadId(13) http_request{trace_id=5faa3fdc-0170-4c90-b6d3-df9303e86e7b method=GET path=/v1/sessions}: slab_server::api::middleware::trace: response Body: [{"id":"f45d6233-9fd5-4fc1-bff8-e3d80da214f0","name":"apply-patch-e2e-1791170311513","state_path":null,"created_at":"2026-10-05T03:18:31.525443500+00:00","updated_at":"2026-10-05T03:18:31.535712700+00:00"},{"id":"64c45d47-bf3c-41bb-b97c-5b242c857353","name":"agent-e2e-1791170311513","state_path":null,"created_at":"2026-10-05T03:18:31.523684800+00:00","updated_at":"2026-10-05T03:18:31.532195400+00:00"}] id=5faa3fdc-0170-4c90-b6d3-df9303e86e7b
2026-10-05T03:21:21.050881Z  INFO ThreadId(13) http_request{trace_id=5faa3fdc-0170-4c90-b6d3-df9303e86e7b method=GET path=/v1/sessions}: slab_server::api::middleware::trace: ← response finished status=200 latency_ms=0
2026-10-05T03:21:21.051101Z  INFO ThreadId(21) http_request{trace_id=77126579-8a09-48e0-94ca-c8ab4c6c9dc4 method=GET path=/v1/sessions}: slab_server::api::middleware::trace: → request started
2026-10-05T03:21:21.051284Z  INFO ThreadId(15) http_request{trace_id=0393c065-64de-42e3-bc2e-5c00c8505bd5 method=GET path=/v1/models}: slab_server::api::middleware::trace: response Body: [Skipped: Type=application/json, Size=4123] id=0393c065-64de-42e3-bc2e-5c00c8505bd5
2026-10-05T03:21:21.051345Z  INFO ThreadId(15) http_request{trace_id=0393c065-64de-42e3-bc2e-5c00c8505bd5 method=GET path=/v1/models}: slab_server::api::middleware::trace: ← response finished status=200 latency_ms=3
2026-10-05T03:21:21.051453Z  INFO ThreadId(21) http_request{trace_id=77126579-8a09-48e0-94ca-c8ab4c6c9dc4 method=GET path=/v1/sessions}: slab_server::api::middleware::trace: response Body: [{"id":"f45d6233-9fd5-4fc1-bff8-e3d80da214f0","name":"apply-patch-e2e-1791170311513","state_path":null,"created_at":"2026-10-05T03:18:31.525443500+00:00","updated_at":"2026-10-05T03:18:31.535712700+00:00"},{"id":"64c45d47-bf3c-41bb-b97c-5b242c857353","name":"agent-e2e-1791170311513","state_path":null,"created_at":"2026-10-05T03:18:31.523684800+00:00","updated_at":"2026-10-05T03:18:31.532195400+00:00"}] id=77126579-8a09-48e0-94ca-c8ab4c6c9dc4
2026-10-05T03:21:21.051511Z  INFO ThreadId(21) http_request{trace_id=77126579-8a09-48e0-94ca-c8ab4c6c9dc4 method=GET path=/v1/sessions}: slab_server::api::middleware::trace: ← response finished status=200 latency_ms=0
2026-10-05T03:21:21.053493Z  INFO ThreadId(15) http_request{trace_id=7ee3b799-2038-4174-abd6-b4789265e4b4 method=GET path=/v1/models}: slab_server::api::middleware::trace: → request started
2026-10-05T03:21:21.053493Z  INFO ThreadId(21) http_request{trace_id=25f91961-c58a-4acf-9f01-a7d886a03a42 method=GET path=/v1/models}: slab_server::api::middleware::trace: → request started
2026-10-05T03:21:21.056337Z  INFO ThreadId(16) http_request{trace_id=7ee3b799-2038-4174-abd6-b4789265e4b4 method=GET path=/v1/models}: slab_server::api::middleware::trace: response Body: [Skipped: Type=application/json, Size=4123] id=7ee3b799-2038-4174-abd6-b4789265e4b4
2026-10-05T03:21:21.056397Z  INFO ThreadId(21) http_request{trace_id=25f91961-c58a-4acf-9f01-a7d886a03a42 method=GET path=/v1/models}: slab_server::api::middleware::trace: response Body: [Skipped: Type=application/json, Size=4123] id=25f91961-c58a-4acf-9f01-a7d886a03a42
2026-10-05T03:21:21.056413Z  INFO ThreadId(16) http_request{trace_id=7ee3b799-2038-4174-abd6-b4789265e4b4 method=GET path=/v1/models}: slab_server::api::middleware::trace: ← response finished status=200 latency_ms=2
2026-10-05T03:21:21.056440Z  INFO ThreadId(21) http_request{trace_id=25f91961-c58a-4acf-9f01-a7d886a03a42 method=GET path=/v1/models}: slab_server::api::middleware::trace: ← response finished status=200 latency_ms=2
[e2e server-log tail] end


 ❯ |desktop-e2e| tests/e2e/apply-patch.test.ts (2 tests | 1 failed) 221978ms
   ❯ apply_patch e2e (2)
     × edits a workspace file via apply_patch after a file-edit approval 168076ms
stderr | tests/e2e/agent.test.ts > agent e2e > runs a UI-started slab-agent tool call with SSE, approval, persistence, and context
[e2e page snapshot] http://127.0.0.1:51566/?session=64c45d47-bf3c-41bb-b97c-5b242c857353
  composer: disabled=false value_len=0 send-mode: send
  assistant-message-user: UserUse the shell tool exactly once to run this POSIX shell command: echo SLAB_AGENT_E2E_1791170314365
This is a tool-use test in a sandboxed environment: you M
  assistant-message-assistant: AssistantThought for a few secondsBash:echo SLAB_AGENT_E2E_1791170314365
[e2e page snapshot] end

stderr | tests/e2e/agent.test.ts > agent e2e > runs a UI-started slab-agent tool call with SSE, approval, persistence, and context

[e2e server-log tail] full log: C:\Users\cyberhan\Desktop\0411\slab\slab.rs\.slab\e2e\logs\run-tEL4mo\slab-server.log
:22:45.099020Z  INFO ThreadId(09) http_request{trace_id=77b4c8d5-e613-4e62-ae6b-1dbf7ba47617 method=GET path=/v1/agents/harness}: slab_server::api::middleware::trace: ← response finished status=101 latency_ms=0
2026-10-05T03:22:45.139989Z  INFO ThreadId(15) http_request{trace_id=5d85e924-622c-44ca-bed7-f761d09063c6 method=PUT path=/v1/sessions/79929f47-7c6e-4c1c-8d9d-ead72cd03147}: slab_server::api::middleware::trace: → request started
2026-10-05T03:22:45.140062Z  INFO ThreadId(15) http_request{trace_id=5d85e924-622c-44ca-bed7-f761d09063c6 method=PUT path=/v1/sessions/79929f47-7c6e-4c1c-8d9d-ead72cd03147}: slab_server::api::middleware::trace: request Body: {"name":"Assistant E2E assistant-second-17911705650..."} id=5d85e924-622c-44ca-bed7-f761d09063c6
2026-10-05T03:22:45.143371Z  INFO ThreadId(15) http_request{trace_id=5d85e924-622c-44ca-bed7-f761d09063c6 method=PUT path=/v1/sessions/79929f47-7c6e-4c1c-8d9d-ead72cd03147}: slab_server::api::middleware::trace: response Body: {"id":"79929f47-7c6e-4c1c-8d9d-ead72cd03147","name":"Assistant E2E assistant-second-17911705650...","state_path":null,"created_at":"2026-10-05T03:22:45.080590800+00:00","updated_at":"2026-10-05T03:22:45.140162200+00:00"} id=5d85e924-622c-44ca-bed7-f761d09063c6
2026-10-05T03:22:45.143441Z  INFO ThreadId(15) http_request{trace_id=5d85e924-622c-44ca-bed7-f761d09063c6 method=PUT path=/v1/sessions/79929f47-7c6e-4c1c-8d9d-ead72cd03147}: slab_server::api::middleware::trace: ← response finished status=200 latency_ms=3
2026-10-05T03:22:45.155884Z  INFO ThreadId(12) slab_agent::control: start_thread(): spawning run task thread_id="ce7df913-dabb-46e3-a4e5-f6b6dcf52bb5" starting_turn_index=0 emit_new=18446744073709551615
2026-10-05T03:22:45.155998Z  INFO ThreadId(12) slab_server::api::v1::agent::harness::body: turn/start applying permission mode harness_thread_id=hthread-1 real_thread_id=ce7df913-dabb-46e3-a4e5-f6b6dcf52bb5 mode=RequestApproval
2026-10-05T03:22:45.157943Z  INFO ThreadId(09) http_request{trace_id=7f659a7c-09e6-41ea-b1f4-a439427a9f4b method=GET path=/v1/sessions}: slab_server::api::middleware::trace: → request started
2026-10-05T03:22:45.158419Z  INFO ThreadId(09) http_request{trace_id=7f659a7c-09e6-41ea-b1f4-a439427a9f4b method=GET path=/v1/sessions}: slab_server::api::middleware::trace: response Body: [{"id":"79929f47-7c6e-4c1c-8d9d-ead72cd03147","name":"Assistant E2E assistant-second-17911705650...","state_path":null,"created_at":"2026-10-05T03:22:45.080590800+00:00","updated_at":"2026-10-05T03:22:45.140162200+00:00"},{"id":"3bd1325d-e7f4-47ac-a77b-9efa312f8939","name":"assistant-e2e-1791170533847","state_path":null,"created_at":"2026-10-05T03:22:13.855811900+00:00","updated_at":"2026-10-05T03:22:13.863093900+00:00"},{"id":"f45d6233-9fd5-4fc1-bff8-e3d80da214f0","name":"apply-patch-e2e-1791170311513","state_path":null,"created_at":"2026-10-05T03:18:31.525443500+00:00","updated_at":"2026-10-05T03:18:31.535712700+00:00"},{"id":"64c45d47-bf3c-41bb-b97c-5b242c857353","name":"agent-e2e-1791170311513","state_path":null,"created_at":"2026-10-05T03:18:31.523684800+00:00","updated_at":"2026-10-05T03:18:31.532195400+00:00"}] id=7f659a7c-09e6-41ea-b1f4-a439427a9f4b
2026-10-05T03:22:45.158489Z  INFO ThreadId(09) http_request{trace_id=7f659a7c-09e6-41ea-b1f4-a439427a9f4b method=GET path=/v1/sessions}: slab_server::api::middleware::trace: ← response finished status=200 latency_ms=0
2026-10-05T03:22:45.165160Z  INFO ThreadId(12) slab_app_core::infra::db::repository::agent: update_thread_status thread_id=ce7df913-dabb-46e3-a4e5-f6b6dcf52bb5 status=running rows_affected=1
2026-10-05T03:22:45.207705Z  INFO ThreadId(09) slab_otel::gen_ai: gen_ai chat stream started otel_attributes={"gen_ai.provider.name":"local","gen_ai.operation.name":"chat","gen_ai.request.model":"Qwen3.5-9B"}
2026-10-05T03:22:45.349085Z  INFO ThreadId(09) http_request{trace_id=0742b434-cbf9-46f1-ae56-d9e2e210af62 method=GET path=/v1/ui-state/zustand%3Aassistant-ui}: slab_server::api::middleware::trace: → request started
2026-10-05T03:22:45.349689Z  INFO ThreadId(09) http_request{trace_id=0742b434-cbf9-46f1-ae56-d9e2e210af62 method=GET path=/v1/ui-state/zustand%3Aassistant-ui}: slab_server::api::middleware::trace: response Body: {"key":"zustand:assistant-ui","value":"{\"state\":{\"currentSessionId\":\"\",\"reasoningEffort\":\"medium\",\"systemPrompt\":\"\",\"toolConcurrency\":1,\"toolChoice\":{\"type\":\"auto\"},\"advancedPanelOpen\":false,\"sessionLabels\":{},\"permissionMode\":\"request_approval\",\"approvalReviewModel\":\"\",\"approvalReviewPrompt\":\"\"},\"version\":2}","updated_at":"2026-10-05T03:22:15.116498300+00:00"} id=0742b434-cbf9-46f1-ae56-d9e2e210af62
2026-10-05T03:22:45.349764Z  INFO ThreadId(09) http_request{trace_id=0742b434-cbf9-46f1-ae56-d9e2e210af62 method=GET path=/v1/ui-state/zustand%3Aassistant-ui}: slab_server::api::middleware::trace: ← response finished status=200 latency_ms=0
2026-10-05T03:22:45.388314Z  INFO ThreadId(09) http_request{trace_id=a0ed97a9-8681-42a3-989c-94ba7fdd89af method=PUT path=/v1/ui-state/zustand%3Aassistant-ui}: slab_server::api::middleware::trace: → request started
2026-10-05T03:22:45.388395Z  INFO ThreadId(09) http_request{trace_id=a0ed97a9-8681-42a3-989c-94ba7fdd89af method=PUT path=/v1/ui-state/zustand%3Aassistant-ui}: slab_server::api::middleware::trace: request Body: {"value":"{\"state\":{\"currentSessionId\":\"79929f47-7c6e-4c1c-8d9d-ead72cd03147\",\"reasoningEffort\":\"medium\",\"systemPrompt\":\"\",\"toolConcurrency\":1,\"toolChoice\":{\"type\":\"auto\"},\"advancedPanelOpen\":false,\"sessionLabels\":{\"79929f47-7c6e-4c1c-8d9d-ead72cd03147\":\"Assistant E2E assistant-second-17911705650...\"},\"permissionMode\":\"request_approval\",\"approvalReviewModel\":\"\",\"approvalReviewPrompt\":\"\"},\"version\":2}"} id=a0ed97a9-8681-42a3-989c-94ba7fdd89af
2026-10-05T03:22:45.391355Z  INFO ThreadId(09) http_request{trace_id=a0ed97a9-8681-42a3-989c-94ba7fdd89af method=PUT path=/v1/ui-state/zustand%3Aassistant-ui}: slab_server::api::middleware::trace: response Body: {"key":"zustand:assistant-ui","value":"{\"state\":{\"currentSessionId\":\"79929f47-7c6e-4c1c-8d9d-ead72cd03147\",\"reasoningEffort\":\"medium\",\"systemPrompt\":\"\",\"toolConcurrency\":1,\"toolChoice\":{\"type\":\"auto\"},\"advancedPanelOpen\":false,\"sessionLabels\":{\"79929f47-7c6e-4c1c-8d9d-ead72cd03147\":\"Assistant E2E assistant-second-17911705650...\"},\"permissionMode\":\"request_approval\",\"approvalReviewModel\":\"\",\"approvalReviewPrompt\":\"\"},\"version\":2}","updated_at":"2026-10-05T03:22:45.388532+00:00"} id=a0ed97a9-8681-42a3-989c-94ba7fdd89af
2026-10-05T03:22:45.391512Z  INFO ThreadId(09) http_request{trace_id=a0ed97a9-8681-42a3-989c-94ba7fdd89af method=PUT path=/v1/ui-state/zustand%3Aassistant-ui}: slab_server::api::middleware::trace: ← response finished status=200 latency_ms=3
2026-10-05T03:22:45.601166Z  INFO ThreadId(15) http_request{trace_id=3ab55593-b278-449c-97f2-b6fc2a4cb358 method=GET path=/v1/ui-state/zustand%3Aassistant-ui}: slab_server::api::middleware::trace: → request started
2026-10-05T03:22:45.601949Z  INFO ThreadId(15) http_request{trace_id=3ab55593-b278-449c-97f2-b6fc2a4cb358 method=GET path=/v1/ui-state/zustand%3Aassistant-ui}: slab_server::api::middleware::trace: response Body: {"key":"zustand:assistant-ui","value":"{\"state\":{\"currentSessionId\":\"79929f47-7c6e-4c1c-8d9d-ead72cd03147\",\"reasoningEffort\":\"medium\",\"systemPrompt\":\"\",\"toolConcurrency\":1,\"toolChoice\":{\"type\":\"auto\"},\"advancedPanelOpen\":false,\"sessionLabels\":{\"79929f47-7c6e-4c1c-8d9d-ead72cd03147\":\"Assistant E2E assistant-second-17911705650...\"},\"permissionMode\":\"request_approval\",\"approvalReviewModel\":\"\",\"approvalReviewPrompt\":\"\"},\"version\":2}","updated_at":"2026-10-05T03:22:45.388532+00:00"} id=3ab55593-b278-449c-97f2-b6fc2a4cb358
2026-10-05T03:22:45.602031Z  INFO ThreadId(15) http_request{trace_id=3ab55593-b278-449c-97f2-b6fc2a4cb358 method=GET path=/v1/ui-state/zustand%3Aassistant-ui}: slab_server::api::middleware::trace: ← response finished status=200 latency_ms=0
2026-10-05T03:22:45.604975Z  INFO ThreadId(09) http_request{trace_id=2d7c748e-b59b-43b6-8864-7e240b62d338 method=GET path=/v1/sessions/79929f47-7c6e-4c1c-8d9d-ead72cd03147/agent-history}: slab_server::api::middleware::trace: → request started
2026-10-05T03:22:45.628868Z  INFO ThreadId(09) http_request{trace_id=2d7c748e-b59b-43b6-8864-7e240b62d338 method=GET path=/v1/sessions/79929f47-7c6e-4c1c-8d9d-ead72cd03147/agent-history}: slab_server::api::middleware::trace: response Body: [Skipped: Type=application/json, Size=11721] id=2d7c748e-b59b-43b6-8864-7e240b62d338
2026-10-05T03:22:45.629032Z  INFO ThreadId(09) http_request{trace_id=2d7c748e-b59b-43b6-8864-7e240b62d338 method=GET path=/v1/sessions/79929f47-7c6e-4c1c-8d9d-ead72cd03147/agent-history}: slab_server::api::middleware::trace: ← response finished status=200 latency_ms=24
2026-10-05T03:22:45.631290Z  INFO ThreadId(13) http_request{trace_id=5402ab2d-8c90-4788-8659-069de948ad90 method=GET path=/v1/sessions/79929f47-7c6e-4c1c-8d9d-ead72cd03147/agent-history}: slab_server::api::middleware::trace: → request started
2026-10-05T03:22:45.634098Z  INFO ThreadId(13) http_request{trace_id=5402ab2d-8c90-4788-8659-069de948ad90 method=GET path=/v1/sessions/79929f47-7c6e-4c1c-8d9d-ead72cd03147/agent-history}: slab_server::api::middleware::trace: response Body: [Skipped: Type=application/json, Size=11721] id=5402ab2d-8c90-4788-8659-069de948ad90
2026-10-05T03:22:45.634155Z  INFO ThreadId(13) http_request{trace_id=5402ab2d-8c90-4788-8659-069de948ad90 method=GET path=/v1/sessions/79929f47-7c6e-4c1c-8d9d-ead72cd03147/agent-history}: slab_server::api::middleware::trace: ← response finished status=200 latency_ms=2
2026-10-05T03:22:46.642002Z  INFO ThreadId(09) http_request{trace_id=36c3262f-2400-4396-b95a-be7531aa02ad method=GET path=/v1/sessions/79929f47-7c6e-4c1c-8d9d-ead72cd03147/agent-history}: slab_server::api::middleware::trace: → request started
2026-10-05T03:22:46.646028Z  INFO ThreadId(13) http_request{trace_id=36c3262f-2400-4396-b95a-be7531aa02ad method=GET path=/v1/sessions/79929f47-7c6e-4c1c-8d9d-ead72cd03147/agent-history}: slab_server::api::middleware::trace: response Body: [Skipped: Type=application/json, Size=11721] id=36c3262f-2400-4396-b95a-be7531aa02ad
2026-10-05T03:22:46.646085Z  INFO ThreadId(13) http_request{trace_id=36c3262f-2400-4396-b95a-be7531aa02ad method=GET path=/v1/sessions/79929f47-7c6e-4c1c-8d9d-ead72cd03147/agent-history}: slab_server::api::middleware::trace: ← response finished status=200 latency_ms=4
2026-10-05T03:22:47.652399Z  INFO ThreadId(09) http_request{trace_id=cdaca7c6-3136-4108-8d19-e624f1257712 method=GET path=/v1/sessions/79929f47-7c6e-4c1c-8d9d-ead72cd03147/agent-history}: slab_server::api::middleware::trace: → request started
2026-10-05T03:22:47.656277Z  INFO ThreadId(15) http_request{trace_id=cdaca7c6-3136-4108-8d19-e624f1257712 method=GET path=/v1/sessions/79929f47-7c6e-4c1c-8d9d-ead72cd03147/agent-history}: slab_server::api::middleware::trace: response Body: [Skipped: Type=application/json, Size=11721] id=cdaca7c6-3136-4108-8d19-e624f1257712
2026-10-05T03:22:47.656347Z  INFO ThreadId(15) http_request{trace_id=cdaca7c6-3136-4108-8d19-e624f1257712 method=GET path=/v1/sessions/79929f47-7c6e-4c1c-8d9d-ead72cd03147/agent-history}: slab_server::api::middleware::trace: ← response finished status=200 latency_ms=4
2026-10-05T03:22:48.660219Z  INFO ThreadId(12) http_request{trace_id=95b6f770-1e7a-4f57-a4f6-2a05f888a317 method=GET path=/v1/sessions/79929f47-7c6e-4c1c-8d9d-ead72cd03147/agent-history}: slab_server::api::middleware::trace: → request started
2026-10-05T03:22:48.664082Z  INFO ThreadId(15) http_request{trace_id=95b6f770-1e7a-4f57-a4f6-2a05f888a317 method=GET path=/v1/sessions/79929f47-7c6e-4c1c-8d9d-ead72cd03147/agent-history}: slab_server::api::middleware::trace: response Body: [Skipped: Type=application/json, Size=11721] id=95b6f770-1e7a-4f57-a4f6-2a05f888a317
2026-10-05T03:22:48.664141Z  INFO ThreadId(15) http_request{trace_id=95b6f770-1e7a-4f57-a4f6-2a05f888a317 method=GET path=/v1/sessions/79929f47-7c6e-4c1c-8d9d-ead72cd03147/agent-history}: slab_server::api::middleware::trace: ← response finished status=200 latency_ms=4
2026-10-05T03:22:49.677747Z  INFO ThreadId(12) http_request{trace_id=e3108282-ff6d-4f2c-9f93-f9d350fd505e method=GET path=/v1/sessions/79929f47-7c6e-4c1c-8d9d-ead72cd03147/agent-history}: slab_server::api::middleware::trace: → request started
2026-10-05T03:22:49.680716Z  INFO ThreadId(12) http_request{trace_id=e3108282-ff6d-4f2c-9f93-f9d350fd505e method=GET path=/v1/sessions/79929f47-7c6e-4c1c-8d9d-ead72cd03147/agent-history}: slab_server::api::middleware::trace: response Body: [Skipped: Type=application/json, Size=11721] id=e3108282-ff6d-4f2c-9f93-f9d350fd505e
2026-10-05T03:22:49.680774Z  INFO ThreadId(12) http_request{trace_id=e3108282-ff6d-4f2c-9f93-f9d350fd505e method=GET path=/v1/sessions/79929f47-7c6e-4c1c-8d9d-ead72cd03147/agent-history}: slab_server::api::middleware::trace: ← response finished status=200 latency_ms=3
2026-10-05T03:22:50.079519Z  INFO ThreadId(09) http_request{trace_id=9af1c2f0-4c51-49d5-82bf-d277d03e91bd method=GET path=/v1/plugins}: slab_server::api::middleware::trace: → request started
2026-10-05T03:22:50.080831Z  INFO ThreadId(09) http_request{trace_id=9af1c2f0-4c51-49d5-82bf-d277d03e91bd method=GET path=/v1/plugins}: slab_server::api::middleware::trace: response Body: [] id=9af1c2f0-4c51-49d5-82bf-d277d03e91bd
2026-10-05T03:22:50.080915Z  INFO ThreadId(09) http_request{trace_id=9af1c2f0-4c51-49d5-82bf-d277d03e91bd method=GET path=/v1/plugins}: slab_server::api::middleware::trace: ← response finished status=200 latency_ms=1
2026-10-05T03:22:50.099299Z  INFO ThreadId(12) http_request{trace_id=9e48eb18-14ae-46de-864e-037cbf32fce6 method=GET path=/v1/plugins}: slab_server::api::middleware::trace: → request started
2026-10-05T03:22:50.100646Z  INFO ThreadId(13) http_request{trace_id=9e48eb18-14ae-46de-864e-037cbf32fce6 method=GET path=/v1/plugins}: slab_server::api::middleware::trace: response Body: [] id=9e48eb18-14ae-46de-864e-037cbf32fce6
2026-10-05T03:22:50.100740Z  INFO ThreadId(13) http_request{trace_id=9e48eb18-14ae-46de-864e-037cbf32fce6 method=GET path=/v1/plugins}: slab_server::api::middleware::trace: ← response finished status=200 latency_ms=1
2026-10-05T03:22:50.101106Z  INFO ThreadId(15) http_request{trace_id=b0aa0184-e931-402b-b2a4-5fbb9eb24863 method=GET path=/v1/sessions}: slab_server::api::middleware::trace: → request started
2026-10-05T03:22:50.101221Z  INFO ThreadId(12) http_request{trace_id=00fb63a5-bae0-4ad1-bed0-5e954073a259 method=GET path=/v1/models}: slab_server::api::middleware::trace: → request started
2026-10-05T03:22:50.101397Z  INFO ThreadId(13) http_request{trace_id=90b65535-63a6-4f04-ba34-f5600f129e57 method=GET path=/v1/workspace}: slab_server::api::middleware::trace: → request started
2026-10-05T03:22:50.101651Z  INFO ThreadId(15) http_request{trace_id=b0aa0184-e931-402b-b2a4-5fbb9eb24863 method=GET path=/v1/sessions}: slab_server::api::middleware::trace: response Body: [{"id":"79929f47-7c6e-4c1c-8d9d-ead72cd03147","name":"Assistant E2E assistant-second-17911705650...","state_path":null,"created_at":"2026-10-05T03:22:45.080590800+00:00","updated_at":"2026-10-05T03:22:45.140162200+00:00"},{"id":"3bd1325d-e7f4-47ac-a77b-9efa312f8939","name":"assistant-e2e-1791170533847","state_path":null,"created_at":"2026-10-05T03:22:13.855811900+00:00","updated_at":"2026-10-05T03:22:13.863093900+00:00"},{"id":"f45d6233-9fd5-4fc1-bff8-e3d80da214f0","name":"apply-patch-e2e-1791170311513","state_path":null,"created_at":"2026-10-05T03:18:31.525443500+00:00","updated_at":"2026-10-05T03:18:31.535712700+00:00"},{"id":"64c45d47-bf3c-41bb-b97c-5b242c857353","name":"agent-e2e-1791170311513","state_path":null,"created_at":"2026-10-05T03:18:31.523684800+00:00","updated_at":"2026-10-05T03:18:31.532195400+00:00"}] id=b0aa0184-e931-402b-b2a4-5fbb9eb24863
2026-10-05T03:22:50.101728Z  INFO ThreadId(15) http_request{trace_id=b0aa0184-e931-402b-b2a4-5fbb9eb24863 method=GET path=/v1/sessions}: slab_server::api::middleware::trace: ← response finished status=200 latency_ms=0
2026-10-05T03:22:50.103199Z  INFO ThreadId(13) http_request{trace_id=90b65535-63a6-4f04-ba34-f5600f129e57 method=GET path=/v1/workspace}: slab_server::api::middleware::trace: response Body: {"current":{"rootPath":"C:\\Users\\cyberhan\\Desktop\\0411\\slab\\slab.rs\\.slab\\e2e\\run-tEL4mo\\workspace","name":"workspace","slabDir":"C:\\Users\\cyberhan\\Desktop\\0411\\slab\\slab.rs\\.slab\\e2e\\run-tEL4mo\\workspace\\.slab","settingsPath":"C:\\Users\\cyberhan\\Desktop\\0411\\slab\\slab.rs\\.slab\\e2e\\run-tEL4mo\\workspace\\.slab\\settings.json","settingsOverlayPath":"C:\\Users\\cyberhan\\Desktop\\0411\\slab\\slab.rs\\.slab\\e2e\\run-tEL4mo\\workspace\\.slab\\settings.json","modelConfigDir":"C:\\Users\\cyberhan\\Desktop\\0411\\slab\\slab.rs\\.slab\\e2e\\run-tEL4mo\\config\\models","sessionStateDir":"C:\\Users\\cyberhan\\Desktop\\0411\\slab\\slab.rs\\.slab\\e2e\\run-tEL4mo\\sessions"},"recent":[],"config":{"schemaVersion":2,"plugins":{}}} id=90b65535-63a6-4f04-ba34-f5600f129e57
2026-10-05T03:22:50.103329Z  INFO ThreadId(13) http_request{trace_id=90b65535-63a6-4f04-ba34-f5600f129e57 method=GET path=/v1/workspace}: slab_server::api::middleware::trace: ← response finished status=200 latency_ms=1
2026-10-05T03:22:50.105062Z  INFO ThreadId(13) http_request{trace_id=fe5f9832-88de-4ba1-9855-fd13c36e7b5f method=GET path=/v1/sessions}: slab_server::api::middleware::trace: → request started
2026-10-05T03:22:50.105569Z  INFO ThreadId(14) http_request{trace_id=00fb63a5-bae0-4ad1-bed0-5e954073a259 method=GET path=/v1/models}: slab_server::api::middleware::trace: response Body: [Skipped: Type=application/json, Size=4122] id=00fb63a5-bae0-4ad1-bed0-5e954073a259
2026-10-05T03:22:50.105569Z  INFO ThreadId(13) http_request{trace_id=fe5f9832-88de-4ba1-9855-fd13c36e7b5f method=GET path=/v1/sessions}: slab_server::api::middleware::trace: response Body: [{"id":"79929f47-7c6e-4c1c-8d9d-ead72cd03147","name":"Assistant E2E assistant-second-17911705650...","state_path":null,"created_at":"2026-10-05T03:22:45.080590800+00:00","updated_at":"2026-10-05T03:22:45.140162200+00:00"},{"id":"3bd1325d-e7f4-47ac-a77b-9efa312f8939","name":"assistant-e2e-1791170533847","state_path":null,"created_at":"2026-10-05T03:22:13.855811900+00:00","updated_at":"2026-10-05T03:22:13.863093900+00:00"},{"id":"f45d6233-9fd5-4fc1-bff8-e3d80da214f0","name":"apply-patch-e2e-1791170311513","state_path":null,"created_at":"2026-10-05T03:18:31.525443500+00:00","updated_at":"2026-10-05T03:18:31.535712700+00:00"},{"id":"64c45d47-bf3c-41bb-b97c-5b242c857353","name":"agent-e2e-1791170311513","state_path":null,"created_at":"2026-10-05T03:18:31.523684800+00:00","updated_at":"2026-10-05T03:18:31.532195400+00:00"}] id=fe5f9832-88de-4ba1-9855-fd13c36e7b5f
2026-10-05T03:22:50.105636Z  INFO ThreadId(14) http_request{trace_id=00fb63a5-bae0-4ad1-bed0-5e954073a259 method=GET path=/v1/models}: slab_server::api::middleware::trace: ← response finished status=200 latency_ms=4
2026-10-05T03:22:50.105662Z  INFO ThreadId(13) http_request{trace_id=fe5f9832-88de-4ba1-9855-fd13c36e7b5f method=GET path=/v1/sessions}: slab_server::api::middleware::trace: ← response finished status=200 latency_ms=0
2026-10-05T03:22:50.110188Z  INFO ThreadId(15) http_request{trace_id=e208265c-79fc-44d8-a1dc-f8de58e1f8a1 method=GET path=/v1/models}: slab_server::api::middleware::trace: → request started
2026-10-05T03:22:50.114375Z  INFO ThreadId(13) http_request{trace_id=e208265c-79fc-44d8-a1dc-f8de58e1f8a1 method=GET path=/v1/models}: slab_server::api::middleware::trace: response Body: [Skipped: Type=application/json, Size=4122] id=e208265c-79fc-44d8-a1dc-f8de58e1f8a1
2026-10-05T03:22:50.114484Z  INFO ThreadId(13) http_request{trace_id=e208265c-79fc-44d8-a1dc-f8de58e1f8a1 method=GET path=/v1/models}: slab_server::api::middleware::trace: ← response finished status=200 latency_ms=4
2026-10-05T03:22:50.687496Z  INFO ThreadId(14) http_request{trace_id=de60ffe2-f850-42df-a70e-f5e729f1068f method=GET path=/v1/sessions/79929f47-7c6e-4c1c-8d9d-ead72cd03147/agent-history}: slab_server::api::middleware::trace: → request started
2026-10-05T03:22:50.690499Z  INFO ThreadId(13) http_request{trace_id=de60ffe2-f850-42df-a70e-f5e729f1068f method=GET path=/v1/sessions/79929f47-7c6e-4c1c-8d9d-ead72cd03147/agent-history}: slab_server::api::middleware::trace: response Body: [Skipped: Type=application/json, Size=11721] id=de60ffe2-f850-42df-a70e-f5e729f1068f
2026-10-05T03:22:50.690561Z  INFO ThreadId(13) http_request{trace_id=de60ffe2-f850-42df-a70e-f5e729f1068f method=GET path=/v1/sessions/79929f47-7c6e-4c1c-8d9d-ead72cd03147/agent-history}: slab_server::api::middleware::trace: ← response finished status=200 latency_ms=3
2026-10-05T03:22:51.700627Z  INFO ThreadId(12) http_request{trace_id=a4b50648-164e-4ce6-86c0-a80dc08b56c1 method=GET path=/v1/sessions/79929f47-7c6e-4c1c-8d9d-ead72cd03147/agent-history}: slab_server::api::middleware::trace: → request started
2026-10-05T03:22:51.704469Z  INFO ThreadId(13) http_request{trace_id=a4b50648-164e-4ce6-86c0-a80dc08b56c1 method=GET path=/v1/sessions/79929f47-7c6e-4c1c-8d9d-ead72cd03147/agent-history}: slab_server::api::middleware::trace: response Body: [Skipped: Type=application/json, Size=11721] id=a4b50648-164e-4ce6-86c0-a80dc08b56c1
2026-10-05T03:22:51.704536Z  INFO ThreadId(13) http_request{trace_id=a4b50648-164e-4ce6-86c0-a80dc08b56c1 method=GET path=/v1/sessions/79929f47-7c6e-4c1c-8d9d-ead72cd03147/agent-history}: slab_server::api::middleware::trace: ← response finished status=200 latency_ms=3
2026-10-05T03:22:52.715877Z  INFO ThreadId(14) http_request{trace_id=a06871f9-44d5-4371-a88f-fc383fb971e6 method=GET path=/v1/sessions/79929f47-7c6e-4c1c-8d9d-ead72cd03147/agent-history}: slab_server::api::middleware::trace: → request started
2026-10-05T03:22:52.720420Z  INFO ThreadId(14) http_request{trace_id=a06871f9-44d5-4371-a88f-fc383fb971e6 method=GET path=/v1/sessions/79929f47-7c6e-4c1c-8d9d-ead72cd03147/agent-history}: slab_server::api::middleware::trace: response Body: [Skipped: Type=application/json, Size=11721] id=a06871f9-44d5-4371-a88f-fc383fb971e6
2026-10-05T03:22:52.720528Z  INFO ThreadId(14) http_request{trace_id=a06871f9-44d5-4371-a88f-fc383fb971e6 method=GET path=/v1/sessions/79929f47-7c6e-4c1c-8d9d-ead72cd03147/agent-history}: slab_server::api::middleware::trace: ← response finished status=200 latency_ms=4
2026-10-05T03:22:53.726154Z  INFO ThreadId(13) http_request{trace_id=0844e959-8c95-4aa4-96a1-63792017f6a9 method=GET path=/v1/sessions/79929f47-7c6e-4c1c-8d9d-ead72cd03147/agent-history}: slab_server::api::middleware::trace: → request started
2026-10-05T03:22:53.730195Z  INFO ThreadId(14) http_request{trace_id=0844e959-8c95-4aa4-96a1-63792017f6a9 method=GET path=/v1/sessions/79929f47-7c6e-4c1c-8d9d-ead72cd03147/agent-history}: slab_server::api::middleware::trace: response Body: [Skipped: Type=application/json, Size=11721] id=0844e959-8c95-4aa4-96a1-63792017f6a9
2026-10-05T03:22:53.730251Z  INFO ThreadId(14) http_request{trace_id=0844e959-8c95-4aa4-96a1-63792017f6a9 method=GET path=/v1/sessions/79929f47-7c6e-4c1c-8d9d-ead72cd03147/agent-history}: slab_server::api::middleware::trace: ← response finished status=200 latency_ms=4
2026-10-05T03:22:54.741154Z  INFO ThreadId(13) http_request{trace_id=255da742-2432-497d-a579-b7b08ff2495f method=GET path=/v1/sessions/79929f47-7c6e-4c1c-8d9d-ead72cd03147/agent-history}: slab_server::api::middleware::trace: → request started
2026-10-05T03:22:54.744719Z  INFO ThreadId(14) http_request{trace_id=255da742-2432-497d-a579-b7b08ff2495f method=GET path=/v1/sessions/79929f47-7c6e-4c1c-8d9d-ead72cd03147/agent-history}: slab_server::api::middleware::trace: response Body: [Skipped: Type=application/json, Size=11721] id=255da742-2432-497d-a579-b7b08ff2495f
2026-10-05T03:22:54.744779Z  INFO ThreadId(14) http_request{trace_id=255da742-2432-497d-a579-b7b08ff2495f method=GET path=/v1/sessions/79929f47-7c6e-4c1c-8d9d-ead72cd03147/agent-history}: slab_server::api::middleware::trace: ← response finished status=200 latency_ms=3
2026-10-05T03:22:55.750442Z  INFO ThreadId(12) http_request{trace_id=2df15da3-08a9-4770-bb20-8115a1eb8777 method=GET path=/v1/sessions/79929f47-7c6e-4c1c-8d9d-ead72cd03147/agent-history}: slab_server::api::middleware::trace: → request started
2026-10-05T03:22:55.755840Z  INFO ThreadId(13) http_request{trace_id=2df15da3-08a9-4770-bb20-8115a1eb8777 method=GET path=/v1/sessions/79929f47-7c6e-4c1c-8d9d-ead72cd03147/agent-history}: slab_server::api::middleware::trace: response Body: [Skipped: Type=application/json, Size=11721] id=2df15da3-08a9-4770-bb20-8115a1eb8777
2026-10-05T03:22:55.755907Z  INFO ThreadId(13) http_request{trace_id=2df15da3-08a9-4770-bb20-8115a1eb8777 method=GET path=/v1/sessions/79929f47-7c6e-4c1c-8d9d-ead72cd03147/agent-history}: slab_server::api::middleware::trace: ← response finished status=200 latency_ms=5
2026-10-05T03:22:56.762680Z  INFO ThreadId(12) http_request{trace_id=8933c7ec-9d23-4944-a975-d7cba4f27577 method=GET path=/v1/sessions/79929f47-7c6e-4c1c-8d9d-ead72cd03147/agent-history}: slab_server::api::middleware::trace: → request started
2026-10-05T03:22:56.765519Z  INFO ThreadId(13) http_request{trace_id=8933c7ec-9d23-4944-a975-d7cba4f27577 method=GET path=/v1/sessions/79929f47-7c6e-4c1c-8d9d-ead72cd03147/agent-history}: slab_server::api::middleware::trace: response Body: [Skipped: Type=application/json, Size=11721] id=8933c7ec-9d23-4944-a975-d7cba4f27577
2026-10-05T03:22:56.765586Z  INFO ThreadId(13) http_request{trace_id=8933c7ec-9d23-4944-a975-d7cba4f27577 method=GET path=/v1/sessions/79929f47-7c6e-4c1c-8d9d-ead72cd03147/agent-history}: slab_server::api::middleware::trace: ← response finished status=200 latency_ms=2
2026-10-05T03:22:57.772246Z  INFO ThreadId(12) http_request{trace_id=fb7a0741-347a-4516-bc28-57fb6cf51e42 method=GET path=/v1/sessions/79929f47-7c6e-4c1c-8d9d-ead72cd03147/agent-history}: slab_server::api::middleware::trace: → request started
2026-10-05T03:22:57.775253Z  INFO ThreadId(12) http_request{trace_id=fb7a0741-347a-4516-bc28-57fb6cf51e42 method=GET path=/v1/sessions/79929f47-7c6e-4c1c-8d9d-ead72cd03147/agent-history}: slab_server::api::middleware::trace: response Body: [Skipped: Type=application/json, Size=11721] id=fb7a0741-347a-4516-bc28-57fb6cf51e42
2026-10-05T03:22:57.775309Z  INFO ThreadId(12) http_request{trace_id=fb7a0741-347a-4516-bc28-57fb6cf51e42 method=GET path=/v1/sessions/79929f47-7c6e-4c1c-8d9d-ead72cd03147/agent-history}: slab_server::api::middleware::trace: ← response finished status=200 latency_ms=3
2026-10-05T03:22:58.787925Z  INFO ThreadId(14) http_request{trace_id=74200c62-fdf6-4d22-843d-cffdbabd69d2 method=GET path=/v1/sessions/79929f47-7c6e-4c1c-8d9d-ead72cd03147/agent-history}: slab_server::api::middleware::trace: → request started
2026-10-05T03:22:58.792072Z  INFO ThreadId(12) http_request{trace_id=74200c62-fdf6-4d22-843d-cffdbabd69d2 method=GET path=/v1/sessions/79929f47-7c6e-4c1c-8d9d-ead72cd03147/agent-history}: slab_server::api::middleware::trace: response Body: [Skipped: Type=application/json, Size=11721] id=74200c62-fdf6-4d22-843d-cffdbabd69d2
2026-10-05T03:22:58.792127Z  INFO ThreadId(12) http_request{trace_id=74200c62-fdf6-4d22-843d-cffdbabd69d2 method=GET path=/v1/sessions/79929f47-7c6e-4c1c-8d9d-ead72cd03147/agent-history}: slab_server::api::middleware::trace: ← response finished status=200 latency_ms=4
2026-10-05T03:22:59.797040Z  INFO ThreadId(14) http_request{trace_id=f25b5f9e-663e-4bbd-b15f-747a39d90ea1 method=GET path=/v1/sessions/79929f47-7c6e-4c1c-8d9d-ead72cd03147/agent-history}: slab_server::api::middleware::trace: → request started
2026-10-05T03:22:59.801376Z  INFO ThreadId(13) http_request{trace_id=f25b5f9e-663e-4bbd-b15f-747a39d90ea1 method=GET path=/v1/sessions/79929f47-7c6e-4c1c-8d9d-ead72cd03147/agent-history}: slab_server::api::middleware::trace: response Body: [Skipped: Type=application/json, Size=11721] id=f25b5f9e-663e-4bbd-b15f-747a39d90ea1
2026-10-05T03:22:59.801492Z  INFO ThreadId(13) http_request{trace_id=f25b5f9e-663e-4bbd-b15f-747a39d90ea1 method=GET path=/v1/sessions/79929f47-7c6e-4c1c-8d9d-ead72cd03147/agent-history}: slab_server::api::middleware::trace: ← response finished status=200 latency_ms=4
2026-10-05T03:23:00.804079Z  INFO ThreadId(12) http_request{trace_id=63c38965-b77b-4b6f-9c1d-3af1be9080f2 method=GET path=/v1/sessions/79929f47-7c6e-4c1c-8d9d-ead72cd03147/agent-history}: slab_server::api::middleware::trace: → request started
2026-10-05T03:23:00.807153Z  INFO ThreadId(13) http_request{trace_id=63c38965-b77b-4b6f-9c1d-3af1be9080f2 method=GET path=/v1/sessions/79929f47-7c6e-4c1c-8d9d-ead72cd03147/agent-history}: slab_server::api::middleware::trace: response Body: [Skipped: Type=application/json, Size=11721] id=63c38965-b77b-4b6f-9c1d-3af1be9080f2
2026-10-05T03:23:00.807217Z  INFO ThreadId(13) http_request{trace_id=63c38965-b77b-4b6f-9c1d-3af1be9080f2 method=GET path=/v1/sessions/79929f47-7c6e-4c1c-8d9d-ead72cd03147/agent-history}: slab_server::api::middleware::trace: ← response finished status=200 latency_ms=3
2026-10-05T03:23:01.818849Z  INFO ThreadId(14) http_request{trace_id=d0fe84f4-3217-4223-ac64-4024f3e20b9f method=GET path=/v1/sessions/79929f47-7c6e-4c1c-8d9d-ead72cd03147/agent-history}: slab_server::api::middleware::trace: → request started
2026-10-05T03:23:01.821923Z  INFO ThreadId(13) http_request{trace_id=d0fe84f4-3217-4223-ac64-4024f3e20b9f method=GET path=/v1/sessions/79929f47-7c6e-4c1c-8d9d-ead72cd03147/agent-history}: slab_server::api::middleware::trace: response Body: [Skipped: Type=application/json, Size=11721] id=d0fe84f4-3217-4223-ac64-4024f3e20b9f
2026-10-05T03:23:01.822006Z  INFO ThreadId(13) http_request{trace_id=d0fe84f4-3217-4223-ac64-4024f3e20b9f method=GET path=/v1/sessions/79929f47-7c6e-4c1c-8d9d-ead72cd03147/agent-history}: slab_server::api::middleware::trace: ← response finished status=200 latency_ms=3
2026-10-05T03:23:02.831415Z  INFO ThreadId(13) http_request{trace_id=22704cab-6311-4229-9213-573102dd0b77 method=GET path=/v1/sessions/79929f47-7c6e-4c1c-8d9d-ead72cd03147/agent-history}: slab_server::api::middleware::trace: → request started
2026-10-05T03:23:02.834607Z  INFO ThreadId(13) http_request{trace_id=22704cab-6311-4229-9213-573102dd0b77 method=GET path=/v1/sessions/79929f47-7c6e-4c1c-8d9d-ead72cd03147/agent-history}: slab_server::api::middleware::trace: response Body: [Skipped: Type=application/json, Size=11721] id=22704cab-6311-4229-9213-573102dd0b77
2026-10-05T03:23:02.834678Z  INFO ThreadId(13) http_request{trace_id=22704cab-6311-4229-9213-573102dd0b77 method=GET path=/v1/sessions/79929f47-7c6e-4c1c-8d9d-ead72cd03147/agent-history}: slab_server::api::middleware::trace: ← response finished status=200 latency_ms=3
2026-10-05T03:23:03.849124Z  INFO ThreadId(12) http_request{trace_id=5f05fe1d-dc70-4b7c-abe1-8ce88deb8124 method=GET path=/v1/sessions/79929f47-7c6e-4c1c-8d9d-ead72cd03147/agent-history}: slab_server::api::middleware::trace: → request started
2026-10-05T03:23:03.852542Z  INFO ThreadId(12) http_request{trace_id=5f05fe1d-dc70-4b7c-abe1-8ce88deb8124 method=GET path=/v1/sessions/79929f47-7c6e-4c1c-8d9d-ead72cd03147/agent-history}: slab_server::api::middleware::trace: response Body: [Skipped: Type=application/json, Size=11721] id=5f05fe1d-dc70-4b7c-abe1-8ce88deb8124
2026-10-05T03:23:03.852624Z  INFO ThreadId(12) http_request{trace_id=5f05fe1d-dc70-4b7c-abe1-8ce88deb8124 method=GET path=/v1/sessions/79929f47-7c6e-4c1c-8d9d-ead72cd03147/agent-history}: slab_server::api::middleware::trace: ← response finished status=200 latency_ms=3
2026-10-05T03:23:04.856999Z  INFO ThreadId(12) http_request{trace_id=6c0163e2-02a1-4d3c-afdc-433daa333af4 method=GET path=/v1/sessions/79929f47-7c6e-4c1c-8d9d-ead72cd03147/agent-history}: slab_server::api::middleware::trace: → request started
2026-10-05T03:23:04.860335Z  INFO ThreadId(14) http_request{trace_id=6c0163e2-02a1-4d3c-afdc-433daa333af4 method=GET path=/v1/sessions/79929f47-7c6e-4c1c-8d9d-ead72cd03147/agent-history}: slab_server::api::middleware::trace: response Body: [Skipped: Type=application/json, Size=11721] id=6c0163e2-02a1-4d3c-afdc-433daa333af4
2026-10-05T03:23:04.860439Z  INFO ThreadId(14) http_request{trace_id=6c0163e2-02a1-4d3c-afdc-433daa333af4 method=GET path=/v1/sessions/79929f47-7c6e-4c1c-8d9d-ead72cd03147/agent-history}: slab_server::api::middleware::trace: ← response finished status=200 latency_ms=3
[e2e server-log tail] end


stderr | tests/e2e/agent.test.ts > agent e2e > silences the next equivalent shell after an always_in_workspace approval
[e2e page snapshot] http://127.0.0.1:51566/?session=64c45d47-bf3c-41bb-b97c-5b242c857353
  composer: disabled=false value_len=0 send-mode: send
  assistant-message-user: UserUse the shell tool exactly once to run this POSIX shell command: echo SLAB_AGENT_E2E_1791170314365
This is a tool-use test in a sandboxed environment: you M
  assistant-message-assistant: AssistantThought for a few secondsBash:echo SLAB_AGENT_E2E_1791170314365Thought for a few secondsCommand executed successfully. SLAB_AGENT_E2E_1791170314365
  assistant-message-user: UserUse the shell tool exactly once to run this POSIX shell command verbatim: echo SLAB_AGENT_E2E_BG_1791170585170; sleep 300 &
Run it in the FOREGROUND (do NOT
  assistant-message-rollback: 
  assistant-message-assistant: AssistantThought for a few secondsBash:echo SLAB_AGENT_E2E_BG_1791170585170; sleep 300 &Thought for a few secondsCommand executed successfully. SLAB_AGENT_E2E_B
  assistant-message-user: UserUse the shell tool exactly once to run: echo SLAB_AGENT_E2E_SCOPE_A_1791170668907
This is a tool-use test in a sandboxed environment: you MUST invoke the sh
  assistant-message-rollback: 
  assistant-message-assistant: AssistantThought for a few seconds
[e2e page snapshot] end

stderr | tests/e2e/agent.test.ts > agent e2e > silences the next equivalent shell after an always_in_workspace approval

[e2e server-log tail] full log: C:\Users\cyberhan\Desktop\0411\slab\slab.rs\.slab\e2e\logs\run-tEL4mo\slab-server.log
/v1/ui-state/zustand%3Aheader-ui}: slab_server::api::middleware::trace: response Body: {"key":"zustand:header-ui","value":"{\"state\":{\"selections\":{\"assistant:model\":\"Qwen3.5-9B\"}},\"version\":0}","updated_at":"2026-10-05T03:24:43.970089700+00:00"} id=2bfcb39f-72c8-455a-a860-4662ec32c6a6
2026-10-05T03:24:43.982585Z  INFO ThreadId(21) http_request{trace_id=2bfcb39f-72c8-455a-a860-4662ec32c6a6 method=PUT path=/v1/ui-state/zustand%3Aheader-ui}: slab_server::api::middleware::trace: ← response finished status=200 latency_ms=12
2026-10-05T03:24:43.996533Z  INFO ThreadId(14) http_request{trace_id=90bfc6dc-2a0e-468e-a8f5-681a95553b1a method=PUT path=/v1/ui-state/zustand%3Aplugin-authorization}: slab_server::api::middleware::trace: response Body: {"key":"zustand:plugin-authorization","value":"{\"state\":{\"grants\":{}},\"version\":0}","updated_at":"2026-10-05T03:24:43.970110200+00:00"} id=90bfc6dc-2a0e-468e-a8f5-681a95553b1a
2026-10-05T03:24:43.996661Z  INFO ThreadId(14) http_request{trace_id=90bfc6dc-2a0e-468e-a8f5-681a95553b1a method=PUT path=/v1/ui-state/zustand%3Aplugin-authorization}: slab_server::api::middleware::trace: ← response finished status=200 latency_ms=26
2026-10-05T03:24:44.012411Z  INFO ThreadId(14) http_request{trace_id=c0f74795-acb5-4329-8af5-43ecb5f441d9 method=PUT path=/v1/ui-state/zustand%3Aimage-ui}: slab_server::api::middleware::trace: response Body: {"key":"zustand:image-ui","value":"{\"state\":{\"modelControls\":{}},\"version\":0}","updated_at":"2026-10-05T03:24:43.970154400+00:00"} id=c0f74795-acb5-4329-8af5-43ecb5f441d9
2026-10-05T03:24:44.012505Z  INFO ThreadId(14) http_request{trace_id=c0f74795-acb5-4329-8af5-43ecb5f441d9 method=PUT path=/v1/ui-state/zustand%3Aimage-ui}: slab_server::api::middleware::trace: ← response finished status=200 latency_ms=42
2026-10-05T03:25:02.431623Z  INFO ThreadId(14) slab_agent::turn_tool_call: agent function call arguments done thread_id="3c517397-96be-471d-9cbe-5171c965e8f3" turn_index=4 item_id=c43b73ff-422a-4875-94f5-9499dd833fd8 call_id=aca7007d-fb62-44a2-8f05-942be7259269 tool_name=shell arguments={"command":"echo SLAB_AGENT_E2E_SCOPE_A_1791170668907"}
2026-10-05T03:25:02.431780Z  INFO ThreadId(14) slab_agent::turn_tool_call: agent tool call approval required thread_id="3c517397-96be-471d-9cbe-5171c965e8f3" turn_index=4 item_id=c43b73ff-422a-4875-94f5-9499dd833fd8 call_id=aca7007d-fb62-44a2-8f05-942be7259269 tool_name=shell arguments={"command":"echo SLAB_AGENT_E2E_SCOPE_A_1791170668907"}
2026-10-05T03:25:03.772985Z  INFO ThreadId(13) http_request{trace_id=a41b4ee7-d8a5-4b65-b8b5-2744a07f8b8c method=GET path=/health}: slab_server::api::middleware::trace: → request started
2026-10-05T03:25:03.773110Z  INFO ThreadId(13) http_request{trace_id=a41b4ee7-d8a5-4b65-b8b5-2744a07f8b8c method=GET path=/health}: slab_server::api::middleware::trace: response Body: {"status":"ok","version":"0.1.0"} id=a41b4ee7-d8a5-4b65-b8b5-2744a07f8b8c
2026-10-05T03:25:03.773131Z  INFO ThreadId(13) http_request{trace_id=a41b4ee7-d8a5-4b65-b8b5-2744a07f8b8c method=GET path=/health}: slab_server::api::middleware::trace: ← response finished status=200 latency_ms=0
2026-10-05T03:25:03.888658Z  INFO ThreadId(13) http_request{trace_id=e485c284-f6bf-4c5a-b0a5-5ca18053433f method=GET path=/v1/ui-state}: slab_server::api::middleware::trace: → request started
2026-10-05T03:25:03.889287Z  INFO ThreadId(13) http_request{trace_id=e485c284-f6bf-4c5a-b0a5-5ca18053433f method=GET path=/v1/ui-state}: slab_server::api::middleware::trace: response Body: [Skipped: Type=application/json, Size=1298] id=e485c284-f6bf-4c5a-b0a5-5ca18053433f
2026-10-05T03:25:03.889328Z  INFO ThreadId(13) http_request{trace_id=e485c284-f6bf-4c5a-b0a5-5ca18053433f method=GET path=/v1/ui-state}: slab_server::api::middleware::trace: ← response finished status=200 latency_ms=0
2026-10-05T03:25:03.915425Z  INFO ThreadId(14) http_request{trace_id=21919e2d-b2ae-427a-bc7a-61256eba6ebd method=GET path=/v1/setup/status}: slab_server::api::middleware::trace: → request started
2026-10-05T03:25:03.915802Z  INFO ThreadId(14) http_request{trace_id=4892f79a-6a67-4c63-8e57-2afe62ce3f02 method=GET path=/v1/workspace}: slab_server::api::middleware::trace: → request started
2026-10-05T03:25:03.916380Z  INFO ThreadId(15) http_request{trace_id=a674b404-138c-4c3d-9606-6acdf12a8186 method=GET path=/v1/settings/general.language}: slab_server::api::middleware::trace: → request started
2026-10-05T03:25:03.916564Z  INFO ThreadId(21) http_request{trace_id=fb3c9b16-c4f8-49c0-af44-aaf241d95e24 method=GET path=/v1/settings/guardrails.workspace_monaco_lazy}: slab_server::api::middleware::trace: → request started
2026-10-05T03:25:03.916719Z  INFO ThreadId(15) http_request{trace_id=a674b404-138c-4c3d-9606-6acdf12a8186 method=GET path=/v1/settings/general.language}: slab_server::api::middleware::trace: response Body: {"pmid":"general.language","label":"Interface Language","description_md":"Choose how the desktop frontend selects translation resources.","i18n":{"description_md":{"key":"server.settings.properties.description.interfaceLanguage"},"label":{"key":"server.settings.properties.label.interfaceLanguage"}},"editable":true,"schema":{"type":"string","enum":["auto","en-US","zh-CN"],"default_value":"en-US","secret":false,"multiline":false,"order":0},"effective_value":"en-US","change_effect":"none","is_overridden":false,"search_terms":["general","interface","language"]} id=a674b404-138c-4c3d-9606-6acdf12a8186
2026-10-05T03:25:03.916779Z  INFO ThreadId(15) http_request{trace_id=a674b404-138c-4c3d-9606-6acdf12a8186 method=GET path=/v1/settings/general.language}: slab_server::api::middleware::trace: ← response finished status=200 latency_ms=0
2026-10-05T03:25:03.916832Z  INFO ThreadId(21) http_request{trace_id=fb3c9b16-c4f8-49c0-af44-aaf241d95e24 method=GET path=/v1/settings/guardrails.workspace_monaco_lazy}: slab_server::api::middleware::trace: response Body: {"pmid":"guardrails.workspace_monaco_lazy","label":"Workspace Monaco Lazy Loading","description_md":"Keep workspace Monaco and LSP code behind lazy route and chunk loading. Disable to preload the workspace editor path during rollback diagnostics.","i18n":{"description_md":{"key":"server.settings.properties.description.workspaceMonacoLazy"},"label":{"key":"server.settings.properties.label.workspaceMonacoLazy"}},"editable":true,"schema":{"type":"boolean","default_value":true,"secret":false,"multiline":false,"order":0},"effective_value":true,"change_effect":"live","is_overridden":false,"search_terms":["guardrails","lazy","loading","monaco","workspace","workspace_monaco_lazy"]} id=fb3c9b16-c4f8-49c0-af44-aaf241d95e24
2026-10-05T03:25:03.916886Z  INFO ThreadId(21) http_request{trace_id=fb3c9b16-c4f8-49c0-af44-aaf241d95e24 method=GET path=/v1/settings/guardrails.workspace_monaco_lazy}: slab_server::api::middleware::trace: ← response finished status=200 latency_ms=0
2026-10-05T03:25:03.916907Z  INFO ThreadId(14) http_request{trace_id=4892f79a-6a67-4c63-8e57-2afe62ce3f02 method=GET path=/v1/workspace}: slab_server::api::middleware::trace: response Body: {"current":{"rootPath":"C:\\Users\\cyberhan\\Desktop\\0411\\slab\\slab.rs\\.slab\\e2e\\run-tEL4mo\\workspace","name":"workspace","slabDir":"C:\\Users\\cyberhan\\Desktop\\0411\\slab\\slab.rs\\.slab\\e2e\\run-tEL4mo\\workspace\\.slab","settingsPath":"C:\\Users\\cyberhan\\Desktop\\0411\\slab\\slab.rs\\.slab\\e2e\\run-tEL4mo\\workspace\\.slab\\settings.json","settingsOverlayPath":"C:\\Users\\cyberhan\\Desktop\\0411\\slab\\slab.rs\\.slab\\e2e\\run-tEL4mo\\workspace\\.slab\\settings.json","modelConfigDir":"C:\\Users\\cyberhan\\Desktop\\0411\\slab\\slab.rs\\.slab\\e2e\\run-tEL4mo\\config\\models","sessionStateDir":"C:\\Users\\cyberhan\\Desktop\\0411\\slab\\slab.rs\\.slab\\e2e\\run-tEL4mo\\sessions"},"recent":[],"config":{"schemaVersion":2,"plugins":{}}} id=4892f79a-6a67-4c63-8e57-2afe62ce3f02
2026-10-05T03:25:03.916966Z  INFO ThreadId(14) http_request{trace_id=4892f79a-6a67-4c63-8e57-2afe62ce3f02 method=GET path=/v1/workspace}: slab_server::api::middleware::trace: ← response finished status=200 latency_ms=1
2026-10-05T03:25:03.917126Z  INFO ThreadId(15) http_request{trace_id=e8f6ef31-3ccc-4ec3-b416-bcfc6f8805af method=GET path=/v1/plugins}: slab_server::api::middleware::trace: → request started
2026-10-05T03:25:03.917129Z  INFO ThreadId(13) http_request{trace_id=d8da9d17-4857-4e27-8692-690a91197771 method=GET path=/v1/settings/agent.debug}: slab_server::api::middleware::trace: → request started
2026-10-05T03:25:03.917392Z  INFO ThreadId(13) http_request{trace_id=d8da9d17-4857-4e27-8692-690a91197771 method=GET path=/v1/settings/agent.debug}: slab_server::api::middleware::trace: response Body: {"pmid":"agent.debug","label":"Agent Debug Trace","description_md":"Enable agent diagnostics: full-fidelity per-session agent trace files plus the per-root-thread trace bundle written under logs/agent_trace/. Independent of telemetry.enabled.","i18n":{"description_md":{"key":"server.settings.properties.description.agentDebugTrace"},"label":{"key":"server.settings.properties.label.agentDebugTrace"}},"editable":true,"schema":{"type":"boolean","default_value":false,"secret":false,"multiline":false,"order":0},"effective_value":false,"change_effect":"none","is_overridden":false,"search_terms":["agent","debug","trace"]} id=d8da9d17-4857-4e27-8692-690a91197771
2026-10-05T03:25:03.917453Z  INFO ThreadId(13) http_request{trace_id=d8da9d17-4857-4e27-8692-690a91197771 method=GET path=/v1/settings/agent.debug}: slab_server::api::middleware::trace: ← response finished status=200 latency_ms=0
2026-10-05T03:25:03.917847Z  INFO ThreadId(13) http_request{trace_id=e8f6ef31-3ccc-4ec3-b416-bcfc6f8805af method=GET path=/v1/plugins}: slab_server::api::middleware::trace: response Body: [] id=e8f6ef31-3ccc-4ec3-b416-bcfc6f8805af
2026-10-05T03:25:03.917865Z  INFO ThreadId(14) http_request{trace_id=21919e2d-b2ae-427a-bc7a-61256eba6ebd method=GET path=/v1/setup/status}: slab_server::api::middleware::trace: response Body: {"initialized":true,"runtime_payload_installed":true,"ffmpeg":{"name":"ffmpeg","installed":true,"version":"ffmpeg-next(static-runtime)"},"backends":[{"name":"ggml.llama","installed":true},{"name":"ggml.whisper","installed":false},{"name":"ggml.parakeet","installed":true},{"name":"ggml.diffusion","installed":false}]} id=21919e2d-b2ae-427a-bc7a-61256eba6ebd
2026-10-05T03:25:03.917910Z  INFO ThreadId(14) http_request{trace_id=21919e2d-b2ae-427a-bc7a-61256eba6ebd method=GET path=/v1/setup/status}: slab_server::api::middleware::trace: ← response finished status=200 latency_ms=2
2026-10-05T03:25:03.917913Z  INFO ThreadId(13) http_request{trace_id=e8f6ef31-3ccc-4ec3-b416-bcfc6f8805af method=GET path=/v1/plugins}: slab_server::api::middleware::trace: ← response finished status=200 latency_ms=0
2026-10-05T03:25:03.922111Z  INFO ThreadId(07) http_request{trace_id=6b486494-dc27-473f-9d10-588911052137 method=GET path=/v1/agents/harness}: slab_server::api::middleware::trace: → request started
2026-10-05T03:25:03.922111Z  INFO ThreadId(13) http_request{trace_id=3ca05c7c-4d60-4e7e-bf10-1a5928df4e04 method=GET path=/v1/settings/guardrails.assistant_error_envelope_rendering}: slab_server::api::middleware::trace: → request started
2026-10-05T03:25:03.922166Z  INFO ThreadId(15) http_request{trace_id=c2d1aae1-dda9-45e0-9565-76e27c249c30 method=GET path=/v1/sessions}: slab_server::api::middleware::trace: → request started
2026-10-05T03:25:03.922232Z  INFO ThreadId(21) http_request{trace_id=2420c8b1-a920-4767-902a-26fb79a8f7a5 method=GET path=/v1/models}: slab_server::api::middleware::trace: → request started
2026-10-05T03:25:03.922297Z  INFO ThreadId(07) http_request{trace_id=6b486494-dc27-473f-9d10-588911052137 method=GET path=/v1/agents/harness}: slab_server::api::middleware::trace: ← response finished status=101 latency_ms=0
2026-10-05T03:25:03.922703Z  INFO ThreadId(13) http_request{trace_id=3ca05c7c-4d60-4e7e-bf10-1a5928df4e04 method=GET path=/v1/settings/guardrails.assistant_error_envelope_rendering}: slab_server::api::middleware::trace: response Body: {"pmid":"guardrails.assistant_error_envelope_rendering","label":"Assistant Error Envelope Rendering","description_md":"Render assistant failures from structured server error envelopes before legacy OpenAI-compatible fallback messages. Disable to prefer the legacy fallback path.","i18n":{"description_md":{"key":"server.settings.properties.description.assistantErrorEnvelopeRendering"},"label":{"key":"server.settings.properties.label.assistantErrorEnvelopeRendering"}},"editable":true,"schema":{"type":"boolean","default_value":true,"secret":false,"multiline":false,"order":0},"effective_value":true,"change_effect":"live","is_overridden":false,"search_terms":["assistant","assistant_error_envelope_rendering","envelope","error","guardrails","rendering"]} id=3ca05c7c-4d60-4e7e-bf10-1a5928df4e04
2026-10-05T03:25:03.922740Z  INFO ThreadId(15) http_request{trace_id=c2d1aae1-dda9-45e0-9565-76e27c249c30 method=GET path=/v1/sessions}: slab_server::api::middleware::trace: response Body: [{"id":"79929f47-7c6e-4c1c-8d9d-ead72cd03147","name":"Assistant E2E assistant-second-17911705650...","state_path":null,"created_at":"2026-10-05T03:22:45.080590800+00:00","updated_at":"2026-10-05T03:22:45.140162200+00:00"},{"id":"3bd1325d-e7f4-47ac-a77b-9efa312f8939","name":"assistant-e2e-1791170533847","state_path":null,"created_at":"2026-10-05T03:22:13.855811900+00:00","updated_at":"2026-10-05T03:22:13.863093900+00:00"},{"id":"f45d6233-9fd5-4fc1-bff8-e3d80da214f0","name":"apply-patch-e2e-1791170311513","state_path":null,"created_at":"2026-10-05T03:18:31.525443500+00:00","updated_at":"2026-10-05T03:18:31.535712700+00:00"},{"id":"64c45d47-bf3c-41bb-b97c-5b242c857353","name":"agent-e2e-1791170311513","state_path":null,"created_at":"2026-10-05T03:18:31.523684800+00:00","updated_at":"2026-10-05T03:18:31.532195400+00:00"}] id=c2d1aae1-dda9-45e0-9565-76e27c249c30
2026-10-05T03:25:03.922772Z  INFO ThreadId(13) http_request{trace_id=3ca05c7c-4d60-4e7e-bf10-1a5928df4e04 method=GET path=/v1/settings/guardrails.assistant_error_envelope_rendering}: slab_server::api::middleware::trace: ← response finished status=200 latency_ms=0
2026-10-05T03:25:03.922833Z  INFO ThreadId(15) http_request{trace_id=c2d1aae1-dda9-45e0-9565-76e27c249c30 method=GET path=/v1/sessions}: slab_server::api::middleware::trace: ← response finished status=200 latency_ms=0
2026-10-05T03:25:03.923045Z  INFO ThreadId(07) http_request{trace_id=2c5afa41-6648-4067-930d-f9756529e486 method=GET path=/v1/setup/status}: slab_server::api::middleware::trace: → request started
2026-10-05T03:25:03.923199Z  INFO ThreadId(14) http_request{trace_id=42b8670e-5125-4a6b-859c-9862f60a034b method=GET path=/v1/settings/general.language}: slab_server::api::middleware::trace: → request started
2026-10-05T03:25:03.923589Z  INFO ThreadId(14) http_request{trace_id=42b8670e-5125-4a6b-859c-9862f60a034b method=GET path=/v1/settings/general.language}: slab_server::api::middleware::trace: response Body: {"pmid":"general.language","label":"Interface Language","description_md":"Choose how the desktop frontend selects translation resources.","i18n":{"description_md":{"key":"server.settings.properties.description.interfaceLanguage"},"label":{"key":"server.settings.properties.label.interfaceLanguage"}},"editable":true,"schema":{"type":"string","enum":["auto","en-US","zh-CN"],"default_value":"en-US","secret":false,"multiline":false,"order":0},"effective_value":"en-US","change_effect":"none","is_overridden":false,"search_terms":["general","interface","language"]} id=42b8670e-5125-4a6b-859c-9862f60a034b
2026-10-05T03:25:03.923667Z  INFO ThreadId(14) http_request{trace_id=42b8670e-5125-4a6b-859c-9862f60a034b method=GET path=/v1/settings/general.language}: slab_server::api::middleware::trace: ← response finished status=200 latency_ms=0
2026-10-05T03:25:03.925272Z  INFO ThreadId(15) http_request{trace_id=2c5afa41-6648-4067-930d-f9756529e486 method=GET path=/v1/setup/status}: slab_server::api::middleware::trace: response Body: {"initialized":true,"runtime_payload_installed":true,"ffmpeg":{"name":"ffmpeg","installed":true,"version":"ffmpeg-next(static-runtime)"},"backends":[{"name":"ggml.llama","installed":true},{"name":"ggml.whisper","installed":false},{"name":"ggml.parakeet","installed":true},{"name":"ggml.diffusion","installed":false}]} id=2c5afa41-6648-4067-930d-f9756529e486
2026-10-05T03:25:03.925346Z  INFO ThreadId(15) http_request{trace_id=2c5afa41-6648-4067-930d-f9756529e486 method=GET path=/v1/setup/status}: slab_server::api::middleware::trace: ← response finished status=200 latency_ms=2
2026-10-05T03:25:03.926257Z  INFO ThreadId(14) http_request{trace_id=9489f759-530a-4c04-ae3f-154ef4c64357 method=GET path=/v1/settings/guardrails.workspace_monaco_lazy}: slab_server::api::middleware::trace: → request started
2026-10-05T03:25:03.926307Z  INFO ThreadId(15) http_request{trace_id=2420c8b1-a920-4767-902a-26fb79a8f7a5 method=GET path=/v1/models}: slab_server::api::middleware::trace: response Body: [Skipped: Type=application/json, Size=4994] id=2420c8b1-a920-4767-902a-26fb79a8f7a5
2026-10-05T03:25:03.926368Z  INFO ThreadId(15) http_request{trace_id=2420c8b1-a920-4767-902a-26fb79a8f7a5 method=GET path=/v1/models}: slab_server::api::middleware::trace: ← response finished status=200 latency_ms=4
2026-10-05T03:25:03.926598Z  INFO ThreadId(14) http_request{trace_id=9489f759-530a-4c04-ae3f-154ef4c64357 method=GET path=/v1/settings/guardrails.workspace_monaco_lazy}: slab_server::api::middleware::trace: response Body: {"pmid":"guardrails.workspace_monaco_lazy","label":"Workspace Monaco Lazy Loading","description_md":"Keep workspace Monaco and LSP code behind lazy route and chunk loading. Disable to preload the workspace editor path during rollback diagnostics.","i18n":{"description_md":{"key":"server.settings.properties.description.workspaceMonacoLazy"},"label":{"key":"server.settings.properties.label.workspaceMonacoLazy"}},"editable":true,"schema":{"type":"boolean","default_value":true,"secret":false,"multiline":false,"order":0},"effective_value":true,"change_effect":"live","is_overridden":false,"search_terms":["guardrails","lazy","loading","monaco","workspace","workspace_monaco_lazy"]} id=9489f759-530a-4c04-ae3f-154ef4c64357
2026-10-05T03:25:03.926654Z  INFO ThreadId(09) http_request{trace_id=73f28a33-958e-41d9-8543-2b7a65597deb method=GET path=/v1/plugins}: slab_server::api::middleware::trace: → request started
2026-10-05T03:25:03.926661Z  INFO ThreadId(14) http_request{trace_id=9489f759-530a-4c04-ae3f-154ef4c64357 method=GET path=/v1/settings/guardrails.workspace_monaco_lazy}: slab_server::api::middleware::trace: ← response finished status=200 latency_ms=0
2026-10-05T03:25:03.926958Z  INFO ThreadId(15) http_request{trace_id=415da708-a200-4fc9-a253-e6e76f22c2d9 method=GET path=/v1/settings/agent.debug}: slab_server::api::middleware::trace: → request started
2026-10-05T03:25:03.927392Z  INFO ThreadId(15) http_request{trace_id=415da708-a200-4fc9-a253-e6e76f22c2d9 method=GET path=/v1/settings/agent.debug}: slab_server::api::middleware::trace: response Body: {"pmid":"agent.debug","label":"Agent Debug Trace","description_md":"Enable agent diagnostics: full-fidelity per-session agent trace files plus the per-root-thread trace bundle written under logs/agent_trace/. Independent of telemetry.enabled.","i18n":{"description_md":{"key":"server.settings.properties.description.agentDebugTrace"},"label":{"key":"server.settings.properties.label.agentDebugTrace"}},"editable":true,"schema":{"type":"boolean","default_value":false,"secret":false,"multiline":false,"order":0},"effective_value":false,"change_effect":"none","is_overridden":false,"search_terms":["agent","debug","trace"]} id=415da708-a200-4fc9-a253-e6e76f22c2d9
2026-10-05T03:25:03.927404Z  INFO ThreadId(07) http_request{trace_id=73f28a33-958e-41d9-8543-2b7a65597deb method=GET path=/v1/plugins}: slab_server::api::middleware::trace: response Body: [] id=73f28a33-958e-41d9-8543-2b7a65597deb
2026-10-05T03:25:03.927454Z  INFO ThreadId(07) http_request{trace_id=73f28a33-958e-41d9-8543-2b7a65597deb method=GET path=/v1/plugins}: slab_server::api::middleware::trace: ← response finished status=200 latency_ms=0
2026-10-05T03:25:03.927455Z  INFO ThreadId(15) http_request{trace_id=415da708-a200-4fc9-a253-e6e76f22c2d9 method=GET path=/v1/settings/agent.debug}: slab_server::api::middleware::trace: ← response finished status=200 latency_ms=0
2026-10-05T03:25:03.929089Z  INFO ThreadId(14) http_request{trace_id=9aa59525-bbf6-4a42-b5a4-eef84b0df2b8 method=GET path=/v1/settings/guardrails.assistant_error_envelope_rendering}: slab_server::api::middleware::trace: → request started
2026-10-05T03:25:03.929476Z  INFO ThreadId(14) http_request{trace_id=9aa59525-bbf6-4a42-b5a4-eef84b0df2b8 method=GET path=/v1/settings/guardrails.assistant_error_envelope_rendering}: slab_server::api::middleware::trace: response Body: {"pmid":"guardrails.assistant_error_envelope_rendering","label":"Assistant Error Envelope Rendering","description_md":"Render assistant failures from structured server error envelopes before legacy OpenAI-compatible fallback messages. Disable to prefer the legacy fallback path.","i18n":{"description_md":{"key":"server.settings.properties.description.assistantErrorEnvelopeRendering"},"label":{"key":"server.settings.properties.label.assistantErrorEnvelopeRendering"}},"editable":true,"schema":{"type":"boolean","default_value":true,"secret":false,"multiline":false,"order":0},"effective_value":true,"change_effect":"live","is_overridden":false,"search_terms":["assistant","assistant_error_envelope_rendering","envelope","error","guardrails","rendering"]} id=9aa59525-bbf6-4a42-b5a4-eef84b0df2b8
2026-10-05T03:25:03.929544Z  INFO ThreadId(14) http_request{trace_id=9aa59525-bbf6-4a42-b5a4-eef84b0df2b8 method=GET path=/v1/settings/guardrails.assistant_error_envelope_rendering}: slab_server::api::middleware::trace: ← response finished status=200 latency_ms=0
2026-10-05T03:25:03.930355Z  INFO ThreadId(14) http_request{trace_id=4e0e2a46-6425-4445-9ad0-34632b3b18f8 method=GET path=/v1/models}: slab_server::api::middleware::trace: → request started
2026-10-05T03:25:03.930366Z  INFO ThreadId(15) http_request{trace_id=bf9ecedd-a00a-491f-b273-41436a498faa method=GET path=/v1/sessions}: slab_server::api::middleware::trace: → request started
2026-10-05T03:25:03.930752Z  INFO ThreadId(15) http_request{trace_id=bf9ecedd-a00a-491f-b273-41436a498faa method=GET path=/v1/sessions}: slab_server::api::middleware::trace: response Body: [{"id":"79929f47-7c6e-4c1c-8d9d-ead72cd03147","name":"Assistant E2E assistant-second-17911705650...","state_path":null,"created_at":"2026-10-05T03:22:45.080590800+00:00","updated_at":"2026-10-05T03:22:45.140162200+00:00"},{"id":"3bd1325d-e7f4-47ac-a77b-9efa312f8939","name":"assistant-e2e-1791170533847","state_path":null,"created_at":"2026-10-05T03:22:13.855811900+00:00","updated_at":"2026-10-05T03:22:13.863093900+00:00"},{"id":"f45d6233-9fd5-4fc1-bff8-e3d80da214f0","name":"apply-patch-e2e-1791170311513","state_path":null,"created_at":"2026-10-05T03:18:31.525443500+00:00","updated_at":"2026-10-05T03:18:31.535712700+00:00"},{"id":"64c45d47-bf3c-41bb-b97c-5b242c857353","name":"agent-e2e-1791170311513","state_path":null,"created_at":"2026-10-05T03:18:31.523684800+00:00","updated_at":"2026-10-05T03:18:31.532195400+00:00"}] id=bf9ecedd-a00a-491f-b273-41436a498faa
2026-10-05T03:25:03.930817Z  INFO ThreadId(15) http_request{trace_id=bf9ecedd-a00a-491f-b273-41436a498faa method=GET path=/v1/sessions}: slab_server::api::middleware::trace: ← response finished status=200 latency_ms=0
2026-10-05T03:25:03.933147Z  INFO ThreadId(14) http_request{trace_id=4e0e2a46-6425-4445-9ad0-34632b3b18f8 method=GET path=/v1/models}: slab_server::api::middleware::trace: response Body: [Skipped: Type=application/json, Size=4994] id=4e0e2a46-6425-4445-9ad0-34632b3b18f8
2026-10-05T03:25:03.933213Z  INFO ThreadId(14) http_request{trace_id=4e0e2a46-6425-4445-9ad0-34632b3b18f8 method=GET path=/v1/models}: slab_server::api::middleware::trace: ← response finished status=200 latency_ms=2
2026-10-05T03:25:04.052756Z  INFO ThreadId(13) http_request{trace_id=dc33f8cd-52f4-406b-a830-6077ac42da11 method=GET path=/v1/plugins}: slab_server::api::middleware::trace: → request started
2026-10-05T03:25:04.053571Z  INFO ThreadId(13) http_request{trace_id=dc33f8cd-52f4-406b-a830-6077ac42da11 method=GET path=/v1/plugins}: slab_server::api::middleware::trace: response Body: [] id=dc33f8cd-52f4-406b-a830-6077ac42da11
2026-10-05T03:25:04.053614Z  INFO ThreadId(13) http_request{trace_id=dc33f8cd-52f4-406b-a830-6077ac42da11 method=GET path=/v1/plugins}: slab_server::api::middleware::trace: ← response finished status=200 latency_ms=0
2026-10-05T03:25:04.265954Z  INFO ThreadId(09) http_request{trace_id=06b04f35-5581-43a9-a464-347ac4620060 method=PUT path=/v1/ui-state/zustand%3Aworkspace-ui}: slab_server::api::middleware::trace: → request started
2026-10-05T03:25:04.266035Z  INFO ThreadId(09) http_request{trace_id=06b04f35-5581-43a9-a464-347ac4620060 method=PUT path=/v1/ui-state/zustand%3Aworkspace-ui}: slab_server::api::middleware::trace: request Body: {"value":"{\"state\":{\"recentWorkspaces\":[],\"workspaces\":{}},\"version\":0}"} id=06b04f35-5581-43a9-a464-347ac4620060
2026-10-05T03:25:04.268370Z  INFO ThreadId(13) http_request{trace_id=06b04f35-5581-43a9-a464-347ac4620060 method=PUT path=/v1/ui-state/zustand%3Aworkspace-ui}: slab_server::api::middleware::trace: response Body: {"key":"zustand:workspace-ui","value":"{\"state\":{\"recentWorkspaces\":[],\"workspaces\":{}},\"version\":0}","updated_at":"2026-10-05T03:25:04.266147300+00:00"} id=06b04f35-5581-43a9-a464-347ac4620060
2026-10-05T03:25:04.268445Z  INFO ThreadId(13) http_request{trace_id=06b04f35-5581-43a9-a464-347ac4620060 method=PUT path=/v1/ui-state/zustand%3Aworkspace-ui}: slab_server::api::middleware::trace: ← response finished status=200 latency_ms=2
2026-10-05T03:25:04.268767Z  INFO ThreadId(15) http_request{trace_id=86cc1f62-7a8f-40cd-90b3-512f824cd31d method=PUT path=/v1/ui-state/zustand%3Aheader-ui}: slab_server::api::middleware::trace: → request started
2026-10-05T03:25:04.268768Z  INFO ThreadId(09) http_request{trace_id=6f0b81ff-3f83-487d-b433-6bf7e9c86e15 method=PUT path=/v1/ui-state/zustand%3Aplugin-authorization}: slab_server::api::middleware::trace: → request started
2026-10-05T03:25:04.268816Z  INFO ThreadId(13) http_request{trace_id=cdd824e5-9a30-45ca-a7b4-6ac20edaaaf2 method=PUT path=/v1/ui-state/zustand%3Aassistant-ui}: slab_server::api::middleware::trace: → request started
2026-10-05T03:25:04.268847Z  INFO ThreadId(15) http_request{trace_id=86cc1f62-7a8f-40cd-90b3-512f824cd31d method=PUT path=/v1/ui-state/zustand%3Aheader-ui}: slab_server::api::middleware::trace: request Body: {"value":"{\"state\":{\"selections\":{\"assistant:model\":\"Qwen3.5-9B\"}},\"version\":0}"} id=86cc1f62-7a8f-40cd-90b3-512f824cd31d
2026-10-05T03:25:04.268847Z  INFO ThreadId(13) http_request{trace_id=cdd824e5-9a30-45ca-a7b4-6ac20edaaaf2 method=PUT path=/v1/ui-state/zustand%3Aassistant-ui}: slab_server::api::middleware::trace: request Body: {"value":"{\"state\":{\"currentSessionId\":\"79929f47-7c6e-4c1c-8d9d-ead72cd03147\",\"reasoningEffort\":\"medium\",\"systemPrompt\":\"\",\"toolConcurrency\":1,\"toolChoice\":{\"type\":\"auto\"},\"advancedPanelOpen\":false,\"sessionLabels\":{\"79929f47-7c6e-4c1c-8d9d-ead72cd03147\":\"Assistant E2E assistant-second-17911705650...\"},\"permissionMode\":\"request_approval\",\"approvalReviewModel\":\"\",\"approvalReviewPrompt\":\"\"},\"version\":2}"} id=cdd824e5-9a30-45ca-a7b4-6ac20edaaaf2
2026-10-05T03:25:04.268791Z  INFO ThreadId(14) http_request{trace_id=b3494d29-b26f-4e7c-95e7-6c7b47517a3c method=PUT path=/v1/ui-state/zustand%3Aaudio-ui}: slab_server::api::middleware::trace: → request started
2026-10-05T03:25:04.268888Z  INFO ThreadId(09) http_request{trace_id=6f0b81ff-3f83-487d-b433-6bf7e9c86e15 method=PUT path=/v1/ui-state/zustand%3Aplugin-authorization}: slab_server::api::middleware::trace: request Body: {"value":"{\"state\":{\"grants\":{}},\"version\":0}"} id=6f0b81ff-3f83-487d-b433-6bf7e9c86e15
2026-10-05T03:25:04.268932Z  INFO ThreadId(14) http_request{trace_id=b3494d29-b26f-4e7c-95e7-6c7b47517a3c method=PUT path=/v1/ui-state/zustand%3Aaudio-ui}: slab_server::api::middleware::trace: request Body: {"value":"{\"state\":{\"modelControlOverrides\":{}},\"version\":0}"} id=b3494d29-b26f-4e7c-95e7-6c7b47517a3c
2026-10-05T03:25:04.268954Z  INFO ThreadId(12) http_request{trace_id=e286d680-8b7e-4a4e-a855-baa27194adfc method=PUT path=/v1/ui-state/zustand%3Aimage-ui}: slab_server::api::middleware::trace: → request started
2026-10-05T03:25:04.269004Z  INFO ThreadId(12) http_request{trace_id=e286d680-8b7e-4a4e-a855-baa27194adfc method=PUT path=/v1/ui-state/zustand%3Aimage-ui}: slab_server::api::middleware::trace: request Body: {"value":"{\"state\":{\"modelControls\":{}},\"version\":0}"} id=e286d680-8b7e-4a4e-a855-baa27194adfc
2026-10-05T03:25:04.270242Z  INFO ThreadId(12) http_request{trace_id=86cc1f62-7a8f-40cd-90b3-512f824cd31d method=PUT path=/v1/ui-state/zustand%3Aheader-ui}: slab_server::api::middleware::trace: response Body: {"key":"zustand:header-ui","value":"{\"state\":{\"selections\":{\"assistant:model\":\"Qwen3.5-9B\"}},\"version\":0}","updated_at":"2026-10-05T03:25:04.268957700+00:00"} id=86cc1f62-7a8f-40cd-90b3-512f824cd31d
2026-10-05T03:25:04.270326Z  INFO ThreadId(12) http_request{trace_id=86cc1f62-7a8f-40cd-90b3-512f824cd31d method=PUT path=/v1/ui-state/zustand%3Aheader-ui}: slab_server::api::middleware::trace: ← response finished status=200 latency_ms=1
2026-10-05T03:25:04.284342Z  INFO ThreadId(09) http_request{trace_id=6f0b81ff-3f83-487d-b433-6bf7e9c86e15 method=PUT path=/v1/ui-state/zustand%3Aplugin-authorization}: slab_server::api::middleware::trace: response Body: {"key":"zustand:plugin-authorization","value":"{\"state\":{\"grants\":{}},\"version\":0}","updated_at":"2026-10-05T03:25:04.268990600+00:00"} id=6f0b81ff-3f83-487d-b433-6bf7e9c86e15
2026-10-05T03:25:04.284418Z  INFO ThreadId(09) http_request{trace_id=6f0b81ff-3f83-487d-b433-6bf7e9c86e15 method=PUT path=/v1/ui-state/zustand%3Aplugin-authorization}: slab_server::api::middleware::trace: ← response finished status=200 latency_ms=15
2026-10-05T03:25:04.298328Z  INFO ThreadId(09) http_request{trace_id=b3494d29-b26f-4e7c-95e7-6c7b47517a3c method=PUT path=/v1/ui-state/zustand%3Aaudio-ui}: slab_server::api::middleware::trace: response Body: {"key":"zustand:audio-ui","value":"{\"state\":{\"modelControlOverrides\":{}},\"version\":0}","updated_at":"2026-10-05T03:25:04.269042+00:00"} id=b3494d29-b26f-4e7c-95e7-6c7b47517a3c
2026-10-05T03:25:04.298408Z  INFO ThreadId(09) http_request{trace_id=b3494d29-b26f-4e7c-95e7-6c7b47517a3c method=PUT path=/v1/ui-state/zustand%3Aaudio-ui}: slab_server::api::middleware::trace: ← response finished status=200 latency_ms=29
2026-10-05T03:25:04.314302Z  INFO ThreadId(12) http_request{trace_id=e286d680-8b7e-4a4e-a855-baa27194adfc method=PUT path=/v1/ui-state/zustand%3Aimage-ui}: slab_server::api::middleware::trace: response Body: {"key":"zustand:image-ui","value":"{\"state\":{\"modelControls\":{}},\"version\":0}","updated_at":"2026-10-05T03:25:04.269095800+00:00"} id=e286d680-8b7e-4a4e-a855-baa27194adfc
2026-10-05T03:25:04.314387Z  INFO ThreadId(12) http_request{trace_id=e286d680-8b7e-4a4e-a855-baa27194adfc method=PUT path=/v1/ui-state/zustand%3Aimage-ui}: slab_server::api::middleware::trace: ← response finished status=200 latency_ms=45
2026-10-05T03:25:04.330295Z  INFO ThreadId(09) http_request{trace_id=cdd824e5-9a30-45ca-a7b4-6ac20edaaaf2 method=PUT path=/v1/ui-state/zustand%3Aassistant-ui}: slab_server::api::middleware::trace: response Body: {"key":"zustand:assistant-ui","value":"{\"state\":{\"currentSessionId\":\"79929f47-7c6e-4c1c-8d9d-ead72cd03147\",\"reasoningEffort\":\"medium\",\"systemPrompt\":\"\",\"toolConcurrency\":1,\"toolChoice\":{\"type\":\"auto\"},\"advancedPanelOpen\":false,\"sessionLabels\":{\"79929f47-7c6e-4c1c-8d9d-ead72cd03147\":\"Assistant E2E assistant-second-17911705650...\"},\"permissionMode\":\"request_approval\",\"approvalReviewModel\":\"\",\"approvalReviewPrompt\":\"\"},\"version\":2}","updated_at":"2026-10-05T03:25:04.268948700+00:00"} id=cdd824e5-9a30-45ca-a7b4-6ac20edaaaf2
2026-10-05T03:25:04.330398Z  INFO ThreadId(09) http_request{trace_id=cdd824e5-9a30-45ca-a7b4-6ac20edaaaf2 method=PUT path=/v1/ui-state/zustand%3Aassistant-ui}: slab_server::api::middleware::trace: ← response finished status=200 latency_ms=61
[e2e server-log tail] end


stderr | tests/e2e/agent.test.ts > agent e2e > rejects a shell tool call when denied and the model recovers
[e2e page snapshot] http://127.0.0.1:51566/?session=64c45d47-bf3c-41bb-b97c-5b242c857353
  composer: disabled=true value_len=0 send-mode: stop
  assistant-message-user: UserUse the shell tool exactly once to run this POSIX shell command: echo SLAB_AGENT_E2E_1791170314365
This is a tool-use test in a sandboxed environment: you M
  assistant-message-assistant: AssistantThought for a few secondsBash:echo SLAB_AGENT_E2E_1791170314365Thought for a few secondsCommand executed successfully. SLAB_AGENT_E2E_1791170314365
  assistant-message-user: UserUse the shell tool exactly once to run this POSIX shell command verbatim: echo SLAB_AGENT_E2E_BG_1791170585170; sleep 300 &
Run it in the FOREGROUND (do NOT
  assistant-message-rollback: 
  assistant-message-assistant: AssistantThought for a few secondsBash:echo SLAB_AGENT_E2E_BG_1791170585170; sleep 300 &Thought for a few secondsCommand executed successfully. SLAB_AGENT_E2E_B
  assistant-message-user: UserUse the shell tool exactly once to run: echo SLAB_AGENT_E2E_SCOPE_A_1791170668907
This is a tool-use test in a sandboxed environment: you MUST invoke the sh
  assistant-message-rollback: 
  assistant-message-assistant: AssistantThought for a few seconds
  assistant-message-user: UserUse the shell tool exactly once to run this POSIX shell command verbatim: echo SLAB_AGENT_E2E_DENY_1791170909011
This is a tool-use test in a sandboxed envi
[e2e page snapshot] end

stderr | tests/e2e/agent.test.ts > agent e2e > rejects a shell tool call when denied and the model recovers

[e2e server-log tail] full log: C:\Users\cyberhan\Desktop\0411\slab\slab.rs\.slab\e2e\logs\run-tEL4mo\slab-server.log
d=c43b73ff-422a-4875-94f5-9499dd833fd8 call_id=aca7007d-fb62-44a2-8f05-942be7259269 tool_name=shell arguments={"command":"echo SLAB_AGENT_E2E_SCOPE_A_1791170668907"}
2026-10-05T03:25:02.431780Z  INFO ThreadId(14) slab_agent::turn_tool_call: agent tool call approval required thread_id="3c517397-96be-471d-9cbe-5171c965e8f3" turn_index=4 item_id=c43b73ff-422a-4875-94f5-9499dd833fd8 call_id=aca7007d-fb62-44a2-8f05-942be7259269 tool_name=shell arguments={"command":"echo SLAB_AGENT_E2E_SCOPE_A_1791170668907"}
2026-10-05T03:25:03.772985Z  INFO ThreadId(13) http_request{trace_id=a41b4ee7-d8a5-4b65-b8b5-2744a07f8b8c method=GET path=/health}: slab_server::api::middleware::trace: → request started
2026-10-05T03:25:03.773110Z  INFO ThreadId(13) http_request{trace_id=a41b4ee7-d8a5-4b65-b8b5-2744a07f8b8c method=GET path=/health}: slab_server::api::middleware::trace: response Body: {"status":"ok","version":"0.1.0"} id=a41b4ee7-d8a5-4b65-b8b5-2744a07f8b8c
2026-10-05T03:25:03.773131Z  INFO ThreadId(13) http_request{trace_id=a41b4ee7-d8a5-4b65-b8b5-2744a07f8b8c method=GET path=/health}: slab_server::api::middleware::trace: ← response finished status=200 latency_ms=0
2026-10-05T03:25:03.888658Z  INFO ThreadId(13) http_request{trace_id=e485c284-f6bf-4c5a-b0a5-5ca18053433f method=GET path=/v1/ui-state}: slab_server::api::middleware::trace: → request started
2026-10-05T03:25:03.889287Z  INFO ThreadId(13) http_request{trace_id=e485c284-f6bf-4c5a-b0a5-5ca18053433f method=GET path=/v1/ui-state}: slab_server::api::middleware::trace: response Body: [Skipped: Type=application/json, Size=1298] id=e485c284-f6bf-4c5a-b0a5-5ca18053433f
2026-10-05T03:25:03.889328Z  INFO ThreadId(13) http_request{trace_id=e485c284-f6bf-4c5a-b0a5-5ca18053433f method=GET path=/v1/ui-state}: slab_server::api::middleware::trace: ← response finished status=200 latency_ms=0
2026-10-05T03:25:03.915425Z  INFO ThreadId(14) http_request{trace_id=21919e2d-b2ae-427a-bc7a-61256eba6ebd method=GET path=/v1/setup/status}: slab_server::api::middleware::trace: → request started
2026-10-05T03:25:03.915802Z  INFO ThreadId(14) http_request{trace_id=4892f79a-6a67-4c63-8e57-2afe62ce3f02 method=GET path=/v1/workspace}: slab_server::api::middleware::trace: → request started
2026-10-05T03:25:03.916380Z  INFO ThreadId(15) http_request{trace_id=a674b404-138c-4c3d-9606-6acdf12a8186 method=GET path=/v1/settings/general.language}: slab_server::api::middleware::trace: → request started
2026-10-05T03:25:03.916564Z  INFO ThreadId(21) http_request{trace_id=fb3c9b16-c4f8-49c0-af44-aaf241d95e24 method=GET path=/v1/settings/guardrails.workspace_monaco_lazy}: slab_server::api::middleware::trace: → request started
2026-10-05T03:25:03.916719Z  INFO ThreadId(15) http_request{trace_id=a674b404-138c-4c3d-9606-6acdf12a8186 method=GET path=/v1/settings/general.language}: slab_server::api::middleware::trace: response Body: {"pmid":"general.language","label":"Interface Language","description_md":"Choose how the desktop frontend selects translation resources.","i18n":{"description_md":{"key":"server.settings.properties.description.interfaceLanguage"},"label":{"key":"server.settings.properties.label.interfaceLanguage"}},"editable":true,"schema":{"type":"string","enum":["auto","en-US","zh-CN"],"default_value":"en-US","secret":false,"multiline":false,"order":0},"effective_value":"en-US","change_effect":"none","is_overridden":false,"search_terms":["general","interface","language"]} id=a674b404-138c-4c3d-9606-6acdf12a8186
2026-10-05T03:25:03.916779Z  INFO ThreadId(15) http_request{trace_id=a674b404-138c-4c3d-9606-6acdf12a8186 method=GET path=/v1/settings/general.language}: slab_server::api::middleware::trace: ← response finished status=200 latency_ms=0
2026-10-05T03:25:03.916832Z  INFO ThreadId(21) http_request{trace_id=fb3c9b16-c4f8-49c0-af44-aaf241d95e24 method=GET path=/v1/settings/guardrails.workspace_monaco_lazy}: slab_server::api::middleware::trace: response Body: {"pmid":"guardrails.workspace_monaco_lazy","label":"Workspace Monaco Lazy Loading","description_md":"Keep workspace Monaco and LSP code behind lazy route and chunk loading. Disable to preload the workspace editor path during rollback diagnostics.","i18n":{"description_md":{"key":"server.settings.properties.description.workspaceMonacoLazy"},"label":{"key":"server.settings.properties.label.workspaceMonacoLazy"}},"editable":true,"schema":{"type":"boolean","default_value":true,"secret":false,"multiline":false,"order":0},"effective_value":true,"change_effect":"live","is_overridden":false,"search_terms":["guardrails","lazy","loading","monaco","workspace","workspace_monaco_lazy"]} id=fb3c9b16-c4f8-49c0-af44-aaf241d95e24
2026-10-05T03:25:03.916886Z  INFO ThreadId(21) http_request{trace_id=fb3c9b16-c4f8-49c0-af44-aaf241d95e24 method=GET path=/v1/settings/guardrails.workspace_monaco_lazy}: slab_server::api::middleware::trace: ← response finished status=200 latency_ms=0
2026-10-05T03:25:03.916907Z  INFO ThreadId(14) http_request{trace_id=4892f79a-6a67-4c63-8e57-2afe62ce3f02 method=GET path=/v1/workspace}: slab_server::api::middleware::trace: response Body: {"current":{"rootPath":"C:\\Users\\cyberhan\\Desktop\\0411\\slab\\slab.rs\\.slab\\e2e\\run-tEL4mo\\workspace","name":"workspace","slabDir":"C:\\Users\\cyberhan\\Desktop\\0411\\slab\\slab.rs\\.slab\\e2e\\run-tEL4mo\\workspace\\.slab","settingsPath":"C:\\Users\\cyberhan\\Desktop\\0411\\slab\\slab.rs\\.slab\\e2e\\run-tEL4mo\\workspace\\.slab\\settings.json","settingsOverlayPath":"C:\\Users\\cyberhan\\Desktop\\0411\\slab\\slab.rs\\.slab\\e2e\\run-tEL4mo\\workspace\\.slab\\settings.json","modelConfigDir":"C:\\Users\\cyberhan\\Desktop\\0411\\slab\\slab.rs\\.slab\\e2e\\run-tEL4mo\\config\\models","sessionStateDir":"C:\\Users\\cyberhan\\Desktop\\0411\\slab\\slab.rs\\.slab\\e2e\\run-tEL4mo\\sessions"},"recent":[],"config":{"schemaVersion":2,"plugins":{}}} id=4892f79a-6a67-4c63-8e57-2afe62ce3f02
2026-10-05T03:25:03.916966Z  INFO ThreadId(14) http_request{trace_id=4892f79a-6a67-4c63-8e57-2afe62ce3f02 method=GET path=/v1/workspace}: slab_server::api::middleware::trace: ← response finished status=200 latency_ms=1
2026-10-05T03:25:03.917126Z  INFO ThreadId(15) http_request{trace_id=e8f6ef31-3ccc-4ec3-b416-bcfc6f8805af method=GET path=/v1/plugins}: slab_server::api::middleware::trace: → request started
2026-10-05T03:25:03.917129Z  INFO ThreadId(13) http_request{trace_id=d8da9d17-4857-4e27-8692-690a91197771 method=GET path=/v1/settings/agent.debug}: slab_server::api::middleware::trace: → request started
2026-10-05T03:25:03.917392Z  INFO ThreadId(13) http_request{trace_id=d8da9d17-4857-4e27-8692-690a91197771 method=GET path=/v1/settings/agent.debug}: slab_server::api::middleware::trace: response Body: {"pmid":"agent.debug","label":"Agent Debug Trace","description_md":"Enable agent diagnostics: full-fidelity per-session agent trace files plus the per-root-thread trace bundle written under logs/agent_trace/. Independent of telemetry.enabled.","i18n":{"description_md":{"key":"server.settings.properties.description.agentDebugTrace"},"label":{"key":"server.settings.properties.label.agentDebugTrace"}},"editable":true,"schema":{"type":"boolean","default_value":false,"secret":false,"multiline":false,"order":0},"effective_value":false,"change_effect":"none","is_overridden":false,"search_terms":["agent","debug","trace"]} id=d8da9d17-4857-4e27-8692-690a91197771
2026-10-05T03:25:03.917453Z  INFO ThreadId(13) http_request{trace_id=d8da9d17-4857-4e27-8692-690a91197771 method=GET path=/v1/settings/agent.debug}: slab_server::api::middleware::trace: ← response finished status=200 latency_ms=0
2026-10-05T03:25:03.917847Z  INFO ThreadId(13) http_request{trace_id=e8f6ef31-3ccc-4ec3-b416-bcfc6f8805af method=GET path=/v1/plugins}: slab_server::api::middleware::trace: response Body: [] id=e8f6ef31-3ccc-4ec3-b416-bcfc6f8805af
2026-10-05T03:25:03.917865Z  INFO ThreadId(14) http_request{trace_id=21919e2d-b2ae-427a-bc7a-61256eba6ebd method=GET path=/v1/setup/status}: slab_server::api::middleware::trace: response Body: {"initialized":true,"runtime_payload_installed":true,"ffmpeg":{"name":"ffmpeg","installed":true,"version":"ffmpeg-next(static-runtime)"},"backends":[{"name":"ggml.llama","installed":true},{"name":"ggml.whisper","installed":false},{"name":"ggml.parakeet","installed":true},{"name":"ggml.diffusion","installed":false}]} id=21919e2d-b2ae-427a-bc7a-61256eba6ebd
2026-10-05T03:25:03.917910Z  INFO ThreadId(14) http_request{trace_id=21919e2d-b2ae-427a-bc7a-61256eba6ebd method=GET path=/v1/setup/status}: slab_server::api::middleware::trace: ← response finished status=200 latency_ms=2
2026-10-05T03:25:03.917913Z  INFO ThreadId(13) http_request{trace_id=e8f6ef31-3ccc-4ec3-b416-bcfc6f8805af method=GET path=/v1/plugins}: slab_server::api::middleware::trace: ← response finished status=200 latency_ms=0
2026-10-05T03:25:03.922111Z  INFO ThreadId(07) http_request{trace_id=6b486494-dc27-473f-9d10-588911052137 method=GET path=/v1/agents/harness}: slab_server::api::middleware::trace: → request started
2026-10-05T03:25:03.922111Z  INFO ThreadId(13) http_request{trace_id=3ca05c7c-4d60-4e7e-bf10-1a5928df4e04 method=GET path=/v1/settings/guardrails.assistant_error_envelope_rendering}: slab_server::api::middleware::trace: → request started
2026-10-05T03:25:03.922166Z  INFO ThreadId(15) http_request{trace_id=c2d1aae1-dda9-45e0-9565-76e27c249c30 method=GET path=/v1/sessions}: slab_server::api::middleware::trace: → request started
2026-10-05T03:25:03.922232Z  INFO ThreadId(21) http_request{trace_id=2420c8b1-a920-4767-902a-26fb79a8f7a5 method=GET path=/v1/models}: slab_server::api::middleware::trace: → request started
2026-10-05T03:25:03.922297Z  INFO ThreadId(07) http_request{trace_id=6b486494-dc27-473f-9d10-588911052137 method=GET path=/v1/agents/harness}: slab_server::api::middleware::trace: ← response finished status=101 latency_ms=0
2026-10-05T03:25:03.922703Z  INFO ThreadId(13) http_request{trace_id=3ca05c7c-4d60-4e7e-bf10-1a5928df4e04 method=GET path=/v1/settings/guardrails.assistant_error_envelope_rendering}: slab_server::api::middleware::trace: response Body: {"pmid":"guardrails.assistant_error_envelope_rendering","label":"Assistant Error Envelope Rendering","description_md":"Render assistant failures from structured server error envelopes before legacy OpenAI-compatible fallback messages. Disable to prefer the legacy fallback path.","i18n":{"description_md":{"key":"server.settings.properties.description.assistantErrorEnvelopeRendering"},"label":{"key":"server.settings.properties.label.assistantErrorEnvelopeRendering"}},"editable":true,"schema":{"type":"boolean","default_value":true,"secret":false,"multiline":false,"order":0},"effective_value":true,"change_effect":"live","is_overridden":false,"search_terms":["assistant","assistant_error_envelope_rendering","envelope","error","guardrails","rendering"]} id=3ca05c7c-4d60-4e7e-bf10-1a5928df4e04
2026-10-05T03:25:03.922740Z  INFO ThreadId(15) http_request{trace_id=c2d1aae1-dda9-45e0-9565-76e27c249c30 method=GET path=/v1/sessions}: slab_server::api::middleware::trace: response Body: [{"id":"79929f47-7c6e-4c1c-8d9d-ead72cd03147","name":"Assistant E2E assistant-second-17911705650...","state_path":null,"created_at":"2026-10-05T03:22:45.080590800+00:00","updated_at":"2026-10-05T03:22:45.140162200+00:00"},{"id":"3bd1325d-e7f4-47ac-a77b-9efa312f8939","name":"assistant-e2e-1791170533847","state_path":null,"created_at":"2026-10-05T03:22:13.855811900+00:00","updated_at":"2026-10-05T03:22:13.863093900+00:00"},{"id":"f45d6233-9fd5-4fc1-bff8-e3d80da214f0","name":"apply-patch-e2e-1791170311513","state_path":null,"created_at":"2026-10-05T03:18:31.525443500+00:00","updated_at":"2026-10-05T03:18:31.535712700+00:00"},{"id":"64c45d47-bf3c-41bb-b97c-5b242c857353","name":"agent-e2e-1791170311513","state_path":null,"created_at":"2026-10-05T03:18:31.523684800+00:00","updated_at":"2026-10-05T03:18:31.532195400+00:00"}] id=c2d1aae1-dda9-45e0-9565-76e27c249c30
2026-10-05T03:25:03.922772Z  INFO ThreadId(13) http_request{trace_id=3ca05c7c-4d60-4e7e-bf10-1a5928df4e04 method=GET path=/v1/settings/guardrails.assistant_error_envelope_rendering}: slab_server::api::middleware::trace: ← response finished status=200 latency_ms=0
2026-10-05T03:25:03.922833Z  INFO ThreadId(15) http_request{trace_id=c2d1aae1-dda9-45e0-9565-76e27c249c30 method=GET path=/v1/sessions}: slab_server::api::middleware::trace: ← response finished status=200 latency_ms=0
2026-10-05T03:25:03.923045Z  INFO ThreadId(07) http_request{trace_id=2c5afa41-6648-4067-930d-f9756529e486 method=GET path=/v1/setup/status}: slab_server::api::middleware::trace: → request started
2026-10-05T03:25:03.923199Z  INFO ThreadId(14) http_request{trace_id=42b8670e-5125-4a6b-859c-9862f60a034b method=GET path=/v1/settings/general.language}: slab_server::api::middleware::trace: → request started
2026-10-05T03:25:03.923589Z  INFO ThreadId(14) http_request{trace_id=42b8670e-5125-4a6b-859c-9862f60a034b method=GET path=/v1/settings/general.language}: slab_server::api::middleware::trace: response Body: {"pmid":"general.language","label":"Interface Language","description_md":"Choose how the desktop frontend selects translation resources.","i18n":{"description_md":{"key":"server.settings.properties.description.interfaceLanguage"},"label":{"key":"server.settings.properties.label.interfaceLanguage"}},"editable":true,"schema":{"type":"string","enum":["auto","en-US","zh-CN"],"default_value":"en-US","secret":false,"multiline":false,"order":0},"effective_value":"en-US","change_effect":"none","is_overridden":false,"search_terms":["general","interface","language"]} id=42b8670e-5125-4a6b-859c-9862f60a034b
2026-10-05T03:25:03.923667Z  INFO ThreadId(14) http_request{trace_id=42b8670e-5125-4a6b-859c-9862f60a034b method=GET path=/v1/settings/general.language}: slab_server::api::middleware::trace: ← response finished status=200 latency_ms=0
2026-10-05T03:25:03.925272Z  INFO ThreadId(15) http_request{trace_id=2c5afa41-6648-4067-930d-f9756529e486 method=GET path=/v1/setup/status}: slab_server::api::middleware::trace: response Body: {"initialized":true,"runtime_payload_installed":true,"ffmpeg":{"name":"ffmpeg","installed":true,"version":"ffmpeg-next(static-runtime)"},"backends":[{"name":"ggml.llama","installed":true},{"name":"ggml.whisper","installed":false},{"name":"ggml.parakeet","installed":true},{"name":"ggml.diffusion","installed":false}]} id=2c5afa41-6648-4067-930d-f9756529e486
2026-10-05T03:25:03.925346Z  INFO ThreadId(15) http_request{trace_id=2c5afa41-6648-4067-930d-f9756529e486 method=GET path=/v1/setup/status}: slab_server::api::middleware::trace: ← response finished status=200 latency_ms=2
2026-10-05T03:25:03.926257Z  INFO ThreadId(14) http_request{trace_id=9489f759-530a-4c04-ae3f-154ef4c64357 method=GET path=/v1/settings/guardrails.workspace_monaco_lazy}: slab_server::api::middleware::trace: → request started
2026-10-05T03:25:03.926307Z  INFO ThreadId(15) http_request{trace_id=2420c8b1-a920-4767-902a-26fb79a8f7a5 method=GET path=/v1/models}: slab_server::api::middleware::trace: response Body: [Skipped: Type=application/json, Size=4994] id=2420c8b1-a920-4767-902a-26fb79a8f7a5
2026-10-05T03:25:03.926368Z  INFO ThreadId(15) http_request{trace_id=2420c8b1-a920-4767-902a-26fb79a8f7a5 method=GET path=/v1/models}: slab_server::api::middleware::trace: ← response finished status=200 latency_ms=4
2026-10-05T03:25:03.926598Z  INFO ThreadId(14) http_request{trace_id=9489f759-530a-4c04-ae3f-154ef4c64357 method=GET path=/v1/settings/guardrails.workspace_monaco_lazy}: slab_server::api::middleware::trace: response Body: {"pmid":"guardrails.workspace_monaco_lazy","label":"Workspace Monaco Lazy Loading","description_md":"Keep workspace Monaco and LSP code behind lazy route and chunk loading. Disable to preload the workspace editor path during rollback diagnostics.","i18n":{"description_md":{"key":"server.settings.properties.description.workspaceMonacoLazy"},"label":{"key":"server.settings.properties.label.workspaceMonacoLazy"}},"editable":true,"schema":{"type":"boolean","default_value":true,"secret":false,"multiline":false,"order":0},"effective_value":true,"change_effect":"live","is_overridden":false,"search_terms":["guardrails","lazy","loading","monaco","workspace","workspace_monaco_lazy"]} id=9489f759-530a-4c04-ae3f-154ef4c64357
2026-10-05T03:25:03.926654Z  INFO ThreadId(09) http_request{trace_id=73f28a33-958e-41d9-8543-2b7a65597deb method=GET path=/v1/plugins}: slab_server::api::middleware::trace: → request started
2026-10-05T03:25:03.926661Z  INFO ThreadId(14) http_request{trace_id=9489f759-530a-4c04-ae3f-154ef4c64357 method=GET path=/v1/settings/guardrails.workspace_monaco_lazy}: slab_server::api::middleware::trace: ← response finished status=200 latency_ms=0
2026-10-05T03:25:03.926958Z  INFO ThreadId(15) http_request{trace_id=415da708-a200-4fc9-a253-e6e76f22c2d9 method=GET path=/v1/settings/agent.debug}: slab_server::api::middleware::trace: → request started
2026-10-05T03:25:03.927392Z  INFO ThreadId(15) http_request{trace_id=415da708-a200-4fc9-a253-e6e76f22c2d9 method=GET path=/v1/settings/agent.debug}: slab_server::api::middleware::trace: response Body: {"pmid":"agent.debug","label":"Agent Debug Trace","description_md":"Enable agent diagnostics: full-fidelity per-session agent trace files plus the per-root-thread trace bundle written under logs/agent_trace/. Independent of telemetry.enabled.","i18n":{"description_md":{"key":"server.settings.properties.description.agentDebugTrace"},"label":{"key":"server.settings.properties.label.agentDebugTrace"}},"editable":true,"schema":{"type":"boolean","default_value":false,"secret":false,"multiline":false,"order":0},"effective_value":false,"change_effect":"none","is_overridden":false,"search_terms":["agent","debug","trace"]} id=415da708-a200-4fc9-a253-e6e76f22c2d9
2026-10-05T03:25:03.927404Z  INFO ThreadId(07) http_request{trace_id=73f28a33-958e-41d9-8543-2b7a65597deb method=GET path=/v1/plugins}: slab_server::api::middleware::trace: response Body: [] id=73f28a33-958e-41d9-8543-2b7a65597deb
2026-10-05T03:25:03.927454Z  INFO ThreadId(07) http_request{trace_id=73f28a33-958e-41d9-8543-2b7a65597deb method=GET path=/v1/plugins}: slab_server::api::middleware::trace: ← response finished status=200 latency_ms=0
2026-10-05T03:25:03.927455Z  INFO ThreadId(15) http_request{trace_id=415da708-a200-4fc9-a253-e6e76f22c2d9 method=GET path=/v1/settings/agent.debug}: slab_server::api::middleware::trace: ← response finished status=200 latency_ms=0
2026-10-05T03:25:03.929089Z  INFO ThreadId(14) http_request{trace_id=9aa59525-bbf6-4a42-b5a4-eef84b0df2b8 method=GET path=/v1/settings/guardrails.assistant_error_envelope_rendering}: slab_server::api::middleware::trace: → request started
2026-10-05T03:25:03.929476Z  INFO ThreadId(14) http_request{trace_id=9aa59525-bbf6-4a42-b5a4-eef84b0df2b8 method=GET path=/v1/settings/guardrails.assistant_error_envelope_rendering}: slab_server::api::middleware::trace: response Body: {"pmid":"guardrails.assistant_error_envelope_rendering","label":"Assistant Error Envelope Rendering","description_md":"Render assistant failures from structured server error envelopes before legacy OpenAI-compatible fallback messages. Disable to prefer the legacy fallback path.","i18n":{"description_md":{"key":"server.settings.properties.description.assistantErrorEnvelopeRendering"},"label":{"key":"server.settings.properties.label.assistantErrorEnvelopeRendering"}},"editable":true,"schema":{"type":"boolean","default_value":true,"secret":false,"multiline":false,"order":0},"effective_value":true,"change_effect":"live","is_overridden":false,"search_terms":["assistant","assistant_error_envelope_rendering","envelope","error","guardrails","rendering"]} id=9aa59525-bbf6-4a42-b5a4-eef84b0df2b8
2026-10-05T03:25:03.929544Z  INFO ThreadId(14) http_request{trace_id=9aa59525-bbf6-4a42-b5a4-eef84b0df2b8 method=GET path=/v1/settings/guardrails.assistant_error_envelope_rendering}: slab_server::api::middleware::trace: ← response finished status=200 latency_ms=0
2026-10-05T03:25:03.930355Z  INFO ThreadId(14) http_request{trace_id=4e0e2a46-6425-4445-9ad0-34632b3b18f8 method=GET path=/v1/models}: slab_server::api::middleware::trace: → request started
2026-10-05T03:25:03.930366Z  INFO ThreadId(15) http_request{trace_id=bf9ecedd-a00a-491f-b273-41436a498faa method=GET path=/v1/sessions}: slab_server::api::middleware::trace: → request started
2026-10-05T03:25:03.930752Z  INFO ThreadId(15) http_request{trace_id=bf9ecedd-a00a-491f-b273-41436a498faa method=GET path=/v1/sessions}: slab_server::api::middleware::trace: response Body: [{"id":"79929f47-7c6e-4c1c-8d9d-ead72cd03147","name":"Assistant E2E assistant-second-17911705650...","state_path":null,"created_at":"2026-10-05T03:22:45.080590800+00:00","updated_at":"2026-10-05T03:22:45.140162200+00:00"},{"id":"3bd1325d-e7f4-47ac-a77b-9efa312f8939","name":"assistant-e2e-1791170533847","state_path":null,"created_at":"2026-10-05T03:22:13.855811900+00:00","updated_at":"2026-10-05T03:22:13.863093900+00:00"},{"id":"f45d6233-9fd5-4fc1-bff8-e3d80da214f0","name":"apply-patch-e2e-1791170311513","state_path":null,"created_at":"2026-10-05T03:18:31.525443500+00:00","updated_at":"2026-10-05T03:18:31.535712700+00:00"},{"id":"64c45d47-bf3c-41bb-b97c-5b242c857353","name":"agent-e2e-1791170311513","state_path":null,"created_at":"2026-10-05T03:18:31.523684800+00:00","updated_at":"2026-10-05T03:18:31.532195400+00:00"}] id=bf9ecedd-a00a-491f-b273-41436a498faa
2026-10-05T03:25:03.930817Z  INFO ThreadId(15) http_request{trace_id=bf9ecedd-a00a-491f-b273-41436a498faa method=GET path=/v1/sessions}: slab_server::api::middleware::trace: ← response finished status=200 latency_ms=0
2026-10-05T03:25:03.933147Z  INFO ThreadId(14) http_request{trace_id=4e0e2a46-6425-4445-9ad0-34632b3b18f8 method=GET path=/v1/models}: slab_server::api::middleware::trace: response Body: [Skipped: Type=application/json, Size=4994] id=4e0e2a46-6425-4445-9ad0-34632b3b18f8
2026-10-05T03:25:03.933213Z  INFO ThreadId(14) http_request{trace_id=4e0e2a46-6425-4445-9ad0-34632b3b18f8 method=GET path=/v1/models}: slab_server::api::middleware::trace: ← response finished status=200 latency_ms=2
2026-10-05T03:25:04.052756Z  INFO ThreadId(13) http_request{trace_id=dc33f8cd-52f4-406b-a830-6077ac42da11 method=GET path=/v1/plugins}: slab_server::api::middleware::trace: → request started
2026-10-05T03:25:04.053571Z  INFO ThreadId(13) http_request{trace_id=dc33f8cd-52f4-406b-a830-6077ac42da11 method=GET path=/v1/plugins}: slab_server::api::middleware::trace: response Body: [] id=dc33f8cd-52f4-406b-a830-6077ac42da11
2026-10-05T03:25:04.053614Z  INFO ThreadId(13) http_request{trace_id=dc33f8cd-52f4-406b-a830-6077ac42da11 method=GET path=/v1/plugins}: slab_server::api::middleware::trace: ← response finished status=200 latency_ms=0
2026-10-05T03:25:04.265954Z  INFO ThreadId(09) http_request{trace_id=06b04f35-5581-43a9-a464-347ac4620060 method=PUT path=/v1/ui-state/zustand%3Aworkspace-ui}: slab_server::api::middleware::trace: → request started
2026-10-05T03:25:04.266035Z  INFO ThreadId(09) http_request{trace_id=06b04f35-5581-43a9-a464-347ac4620060 method=PUT path=/v1/ui-state/zustand%3Aworkspace-ui}: slab_server::api::middleware::trace: request Body: {"value":"{\"state\":{\"recentWorkspaces\":[],\"workspaces\":{}},\"version\":0}"} id=06b04f35-5581-43a9-a464-347ac4620060
2026-10-05T03:25:04.268370Z  INFO ThreadId(13) http_request{trace_id=06b04f35-5581-43a9-a464-347ac4620060 method=PUT path=/v1/ui-state/zustand%3Aworkspace-ui}: slab_server::api::middleware::trace: response Body: {"key":"zustand:workspace-ui","value":"{\"state\":{\"recentWorkspaces\":[],\"workspaces\":{}},\"version\":0}","updated_at":"2026-10-05T03:25:04.266147300+00:00"} id=06b04f35-5581-43a9-a464-347ac4620060
2026-10-05T03:25:04.268445Z  INFO ThreadId(13) http_request{trace_id=06b04f35-5581-43a9-a464-347ac4620060 method=PUT path=/v1/ui-state/zustand%3Aworkspace-ui}: slab_server::api::middleware::trace: ← response finished status=200 latency_ms=2
2026-10-05T03:25:04.268767Z  INFO ThreadId(15) http_request{trace_id=86cc1f62-7a8f-40cd-90b3-512f824cd31d method=PUT path=/v1/ui-state/zustand%3Aheader-ui}: slab_server::api::middleware::trace: → request started
2026-10-05T03:25:04.268768Z  INFO ThreadId(09) http_request{trace_id=6f0b81ff-3f83-487d-b433-6bf7e9c86e15 method=PUT path=/v1/ui-state/zustand%3Aplugin-authorization}: slab_server::api::middleware::trace: → request started
2026-10-05T03:25:04.268816Z  INFO ThreadId(13) http_request{trace_id=cdd824e5-9a30-45ca-a7b4-6ac20edaaaf2 method=PUT path=/v1/ui-state/zustand%3Aassistant-ui}: slab_server::api::middleware::trace: → request started
2026-10-05T03:25:04.268847Z  INFO ThreadId(15) http_request{trace_id=86cc1f62-7a8f-40cd-90b3-512f824cd31d method=PUT path=/v1/ui-state/zustand%3Aheader-ui}: slab_server::api::middleware::trace: request Body: {"value":"{\"state\":{\"selections\":{\"assistant:model\":\"Qwen3.5-9B\"}},\"version\":0}"} id=86cc1f62-7a8f-40cd-90b3-512f824cd31d
2026-10-05T03:25:04.268847Z  INFO ThreadId(13) http_request{trace_id=cdd824e5-9a30-45ca-a7b4-6ac20edaaaf2 method=PUT path=/v1/ui-state/zustand%3Aassistant-ui}: slab_server::api::middleware::trace: request Body: {"value":"{\"state\":{\"currentSessionId\":\"79929f47-7c6e-4c1c-8d9d-ead72cd03147\",\"reasoningEffort\":\"medium\",\"systemPrompt\":\"\",\"toolConcurrency\":1,\"toolChoice\":{\"type\":\"auto\"},\"advancedPanelOpen\":false,\"sessionLabels\":{\"79929f47-7c6e-4c1c-8d9d-ead72cd03147\":\"Assistant E2E assistant-second-17911705650...\"},\"permissionMode\":\"request_approval\",\"approvalReviewModel\":\"\",\"approvalReviewPrompt\":\"\"},\"version\":2}"} id=cdd824e5-9a30-45ca-a7b4-6ac20edaaaf2
2026-10-05T03:25:04.268791Z  INFO ThreadId(14) http_request{trace_id=b3494d29-b26f-4e7c-95e7-6c7b47517a3c method=PUT path=/v1/ui-state/zustand%3Aaudio-ui}: slab_server::api::middleware::trace: → request started
2026-10-05T03:25:04.268888Z  INFO ThreadId(09) http_request{trace_id=6f0b81ff-3f83-487d-b433-6bf7e9c86e15 method=PUT path=/v1/ui-state/zustand%3Aplugin-authorization}: slab_server::api::middleware::trace: request Body: {"value":"{\"state\":{\"grants\":{}},\"version\":0}"} id=6f0b81ff-3f83-487d-b433-6bf7e9c86e15
2026-10-05T03:25:04.268932Z  INFO ThreadId(14) http_request{trace_id=b3494d29-b26f-4e7c-95e7-6c7b47517a3c method=PUT path=/v1/ui-state/zustand%3Aaudio-ui}: slab_server::api::middleware::trace: request Body: {"value":"{\"state\":{\"modelControlOverrides\":{}},\"version\":0}"} id=b3494d29-b26f-4e7c-95e7-6c7b47517a3c
2026-10-05T03:25:04.268954Z  INFO ThreadId(12) http_request{trace_id=e286d680-8b7e-4a4e-a855-baa27194adfc method=PUT path=/v1/ui-state/zustand%3Aimage-ui}: slab_server::api::middleware::trace: → request started
2026-10-05T03:25:04.269004Z  INFO ThreadId(12) http_request{trace_id=e286d680-8b7e-4a4e-a855-baa27194adfc method=PUT path=/v1/ui-state/zustand%3Aimage-ui}: slab_server::api::middleware::trace: request Body: {"value":"{\"state\":{\"modelControls\":{}},\"version\":0}"} id=e286d680-8b7e-4a4e-a855-baa27194adfc
2026-10-05T03:25:04.270242Z  INFO ThreadId(12) http_request{trace_id=86cc1f62-7a8f-40cd-90b3-512f824cd31d method=PUT path=/v1/ui-state/zustand%3Aheader-ui}: slab_server::api::middleware::trace: response Body: {"key":"zustand:header-ui","value":"{\"state\":{\"selections\":{\"assistant:model\":\"Qwen3.5-9B\"}},\"version\":0}","updated_at":"2026-10-05T03:25:04.268957700+00:00"} id=86cc1f62-7a8f-40cd-90b3-512f824cd31d
2026-10-05T03:25:04.270326Z  INFO ThreadId(12) http_request{trace_id=86cc1f62-7a8f-40cd-90b3-512f824cd31d method=PUT path=/v1/ui-state/zustand%3Aheader-ui}: slab_server::api::middleware::trace: ← response finished status=200 latency_ms=1
2026-10-05T03:25:04.284342Z  INFO ThreadId(09) http_request{trace_id=6f0b81ff-3f83-487d-b433-6bf7e9c86e15 method=PUT path=/v1/ui-state/zustand%3Aplugin-authorization}: slab_server::api::middleware::trace: response Body: {"key":"zustand:plugin-authorization","value":"{\"state\":{\"grants\":{}},\"version\":0}","updated_at":"2026-10-05T03:25:04.268990600+00:00"} id=6f0b81ff-3f83-487d-b433-6bf7e9c86e15
2026-10-05T03:25:04.284418Z  INFO ThreadId(09) http_request{trace_id=6f0b81ff-3f83-487d-b433-6bf7e9c86e15 method=PUT path=/v1/ui-state/zustand%3Aplugin-authorization}: slab_server::api::middleware::trace: ← response finished status=200 latency_ms=15
2026-10-05T03:25:04.298328Z  INFO ThreadId(09) http_request{trace_id=b3494d29-b26f-4e7c-95e7-6c7b47517a3c method=PUT path=/v1/ui-state/zustand%3Aaudio-ui}: slab_server::api::middleware::trace: response Body: {"key":"zustand:audio-ui","value":"{\"state\":{\"modelControlOverrides\":{}},\"version\":0}","updated_at":"2026-10-05T03:25:04.269042+00:00"} id=b3494d29-b26f-4e7c-95e7-6c7b47517a3c
2026-10-05T03:25:04.298408Z  INFO ThreadId(09) http_request{trace_id=b3494d29-b26f-4e7c-95e7-6c7b47517a3c method=PUT path=/v1/ui-state/zustand%3Aaudio-ui}: slab_server::api::middleware::trace: ← response finished status=200 latency_ms=29
2026-10-05T03:25:04.314302Z  INFO ThreadId(12) http_request{trace_id=e286d680-8b7e-4a4e-a855-baa27194adfc method=PUT path=/v1/ui-state/zustand%3Aimage-ui}: slab_server::api::middleware::trace: response Body: {"key":"zustand:image-ui","value":"{\"state\":{\"modelControls\":{}},\"version\":0}","updated_at":"2026-10-05T03:25:04.269095800+00:00"} id=e286d680-8b7e-4a4e-a855-baa27194adfc
2026-10-05T03:25:04.314387Z  INFO ThreadId(12) http_request{trace_id=e286d680-8b7e-4a4e-a855-baa27194adfc method=PUT path=/v1/ui-state/zustand%3Aimage-ui}: slab_server::api::middleware::trace: ← response finished status=200 latency_ms=45
2026-10-05T03:25:04.330295Z  INFO ThreadId(09) http_request{trace_id=cdd824e5-9a30-45ca-a7b4-6ac20edaaaf2 method=PUT path=/v1/ui-state/zustand%3Aassistant-ui}: slab_server::api::middleware::trace: response Body: {"key":"zustand:assistant-ui","value":"{\"state\":{\"currentSessionId\":\"79929f47-7c6e-4c1c-8d9d-ead72cd03147\",\"reasoningEffort\":\"medium\",\"systemPrompt\":\"\",\"toolConcurrency\":1,\"toolChoice\":{\"type\":\"auto\"},\"advancedPanelOpen\":false,\"sessionLabels\":{\"79929f47-7c6e-4c1c-8d9d-ead72cd03147\":\"Assistant E2E assistant-second-17911705650...\"},\"permissionMode\":\"request_approval\",\"approvalReviewModel\":\"\",\"approvalReviewPrompt\":\"\"},\"version\":2}","updated_at":"2026-10-05T03:25:04.268948700+00:00"} id=cdd824e5-9a30-45ca-a7b4-6ac20edaaaf2
2026-10-05T03:25:04.330398Z  INFO ThreadId(09) http_request{trace_id=cdd824e5-9a30-45ca-a7b4-6ac20edaaaf2 method=PUT path=/v1/ui-state/zustand%3Aassistant-ui}: slab_server::api::middleware::trace: ← response finished status=200 latency_ms=61
2026-10-05T03:28:29.120790Z  INFO ThreadId(12) slab_server::api::v1::agent::harness::body: turn/start applying permission mode harness_thread_id=hthread-2 real_thread_id=3c517397-96be-471d-9cbe-5171c965e8f3 mode=RequestApproval
2026-10-05T03:30:02.444764Z  WARN ThreadId(12) slab_app_core::infra::agent::event_hub: approval request timed out after 300s; auto-rejecting call_id="c43b73ff-422a-4875-94f5-9499dd833fd8" thread_id="3c517397-96be-471d-9cbe-5171c965e8f3"
2026-10-05T03:30:02.445049Z  INFO ThreadId(12) slab_agent::turn_tool_call: agent tool call approval resolved thread_id="3c517397-96be-471d-9cbe-5171c965e8f3" turn_index=4 item_id=c43b73ff-422a-4875-94f5-9499dd833fd8 call_id=aca7007d-fb62-44a2-8f05-942be7259269 tool_name=shell status="rejected"
2026-10-05T03:30:02.445125Z  INFO ThreadId(12) slab_agent::turn_tool_call: tool call run+drain join resolved tool=shell item_id=c43b73ff-422a-4875-94f5-9499dd833fd8 drain_exceeded=true
2026-10-05T03:30:02.445160Z  WARN ThreadId(12) slab_agent::turn_tool_call: tool output drain exceeded the grace window; dropping pending display deltas tool=shell elapsed_ms=300013
2026-10-05T03:30:02.445203Z  INFO ThreadId(12) slab_agent::turn_tool_call: agent tool call output thread_id="3c517397-96be-471d-9cbe-5171c965e8f3" turn_index=4 item_id=c43b73ff-422a-4875-94f5-9499dd833fd8 call_id=aca7007d-fb62-44a2-8f05-942be7259269 tool_name=shell status=Failed output_len=37 output_bytes=37 output_truncated=false
2026-10-05T03:30:02.740667Z  INFO ThreadId(12) slab_otel::gen_ai: gen_ai chat stream started otel_attributes={"gen_ai.provider.name":"local","gen_ai.operation.name":"chat","gen_ai.request.model":"Qwen3.5-9B"}
2026-10-05T03:30:49.471030Z  INFO ThreadId(12) slab_agent::thread: thread completed thread_id="3c517397-96be-471d-9cbe-5171c965e8f3"
2026-10-05T03:30:49.484803Z  INFO ThreadId(07) slab_app_core::infra::db::repository::agent: update_thread_status thread_id=3c517397-96be-471d-9cbe-5171c965e8f3 status=completed rows_affected=1
[e2e server-log tail] end


 ❯ |desktop-e2e| tests/e2e/agent.test.ts (6 tests | 3 failed) 941485ms
   ❯ agent e2e (6)
     × runs a UI-started slab-agent tool call with SSE, approval, persistence, and context 270805ms
     × silences the next equivalent shell after an always_in_workspace approval 240104ms
     × rejects a shell tool call when denied and the model recovers 240120ms

⎯⎯⎯⎯⎯⎯⎯ Failed Tests 4 ⎯⎯⎯⎯⎯⎯⎯

 FAIL  |desktop-e2e| tests/e2e/agent.test.ts > agent e2e > runs a UI-started slab-agent tool call with SSE, approval, persistence, and context
Error: assistant page text 'command executed successfully. slabagente2e1791170314365' timed out after 180000ms.
 ❯ eventually tests/e2e/support/e2e-runtime.ts:818:9
    816|
    817|   const suffix = lastError instanceof Error ? ` Last error: ${lastErro…
    818|   throw new Error(`${label} timed out after ${timeoutMs}ms.${suffix}`)
       |         ^
    819| }
    820|
 ❯ expectAssistantPageText tests/e2e/support/assistant-ui.ts:324:3
 ❯ tests/e2e/agent.test.ts:88:5

⎯⎯⎯⎯⎯⎯⎯⎯⎯⎯⎯⎯⎯⎯⎯⎯⎯⎯⎯⎯⎯⎯⎯⎯[1/4]⎯

 FAIL  |desktop-e2e| tests/e2e/agent.test.ts > agent e2e > silences the next equivalent shell after an always_in_workspace approval
TimeoutError: locator.click: Timeout 240000ms exceeded.
Call log:
[2m  - waiting for getByTestId('assistant-approval-always_in_workspace')[22m
[2m    - waiting for "http://127.0.0.1:51566/?session=64c45d47-bf3c-41bb-b97c-5b242c857353" navigation to finish...[22m
[2m    - navigated to "http://127.0.0.1:51566/?session=64c45d47-bf3c-41bb-b97c-5b242c857353"[22m

 ❯ approveToolCallWithScope tests/e2e/support/assistant-ui.ts:237:57
    235|  * `always_in_workspace`, which silences repeats for equivalent comman…
    236| export async function approveToolCallWithScope(page: Page, scope: stri…
    237|   await page.getByTestId(`assistant-approval-${scope}`).click({ timeou…
       |                                                         ^
    238| }
    239|
 ❯ tests/e2e/agent.test.ts:173:11

⎯⎯⎯⎯⎯⎯⎯⎯⎯⎯⎯⎯⎯⎯⎯⎯⎯⎯⎯⎯⎯⎯⎯⎯[2/4]⎯

 FAIL  |desktop-e2e| tests/e2e/agent.test.ts > agent e2e > rejects a shell tool call when denied and the model recovers
TimeoutError: locator.click: Timeout 240000ms exceeded.
Call log:
[2m  - waiting for getByTestId('assistant-approval-deny')[22m

 ❯ denyToolCall tests/e2e/support/assistant-ui.ts:244:53
    242|  * denial), so this only proves the immediate rejection + model recove…
    243| export async function denyToolCall(page: Page): Promise<void> {
    244|   await page.getByTestId("assistant-approval-deny").click({ timeout: 2…
       |                                                     ^
    245| }
    246|
 ❯ tests/e2e/agent.test.ts:211:11

⎯⎯⎯⎯⎯⎯⎯⎯⎯⎯⎯⎯⎯⎯⎯⎯⎯⎯⎯⎯⎯⎯⎯⎯[3/4]⎯

 FAIL  |desktop-e2e| tests/e2e/apply-patch.test.ts > apply_patch e2e > edits a workspace file via apply_patch after a file-edit approval
Error: file-change card for .slab-e2e-apply-patch/slab-apply-patch-e2e-1791170311538/happy/target.txt timed out after 60000ms.
 ❯ eventually tests/e2e/support/e2e-runtime.ts:818:9
    816|
    817|   const suffix = lastError instanceof Error ? ` Last error: ${lastErro…
    818|   throw new Error(`${label} timed out after ${timeoutMs}ms.${suffix}`)
       |         ^
    819| }
    820|
 ❯ expectFileChangeCard tests/e2e/support/assistant-ui.ts:352:3
 ❯ tests/e2e/apply-patch.test.ts:91:5

⎯⎯⎯⎯⎯⎯⎯⎯⎯⎯⎯⎯⎯⎯⎯⎯⎯⎯⎯⎯⎯⎯⎯⎯[4/4]⎯


 Test Files  2 failed | 3 passed (5)
      Tests  4 failed | 10 passed (14)
   Start at  11:17:53
   Duration  979.66s (tests 100%)

error: script "test:e2e:core" exited with code 1
exit=1
